text,label
谁会那垃圾桶盛饭吃,1
去乌克兰吧！哪里现在缺人。而且还有机构。比国内好。[看][看][看][看],1
妈妈是个勤劳智慧的女人,0
嫁给富二代了吧！,1
种族很重要，不是歧视种族，可怜之人必有可恨之处[捂脸],1
 的，看着真来气,1
这可不比美人鱼好看？,0
吗的漂亮[赞][赞],1
这么蠢的女人,1
老外见了你也爱不释手[色],1
不嫌埋汰,1
去吧爽,1
如果这个黑人他真的爱这个女的话，应该会选择留在中国。,0
非洲的月亮特别圆[捂脸],1
拉黑你，[呲牙][呲牙],1
嫁到缅北[捂脸],1
活该活该[呲牙][呲牙],1
穷是有原因的,1
你找外国男友我会看不起你,1
最好打死,1
这会你家十代人都 改变不了原本的基因了[一起加油],1
生到这样的女儿，真是虐心。,1
我实在想不通为何越来越大了？,1
不要.打死都不要,1
这就是恬不知耻[赞]表现得零零进制,1
为什么要推给我看呢？这跟我有关系吗？,0
必须搞死不然以后还要报复你,1
不会祝福你的，[泣不成声],1
黑人血统，真是不好改变。,1
为国争光！一黑黑千年,1
抽了两包华子，还是想不太明白,1
[赞]骑马幸福,0
同款短袖，被我穿透了[泪奔],0
我艹，丢国人的脸,1
长沙是个包容的城市！长沙上大分,0
能回非洲婆家就行,1
请好好读读老祖宗留下来的寓言《农夫与蛇》,1
一路走好，下辈子别作了[捂脸],1
人家是真爱,1
鱼小池塘大,1
别上当了非洲人有好几个老婆到时候别后悔了,1
  这是什么垃圾电视剧,1
我有一个疑问，这不比小美人鱼好看[看],0
不这样啊[捂脸],1
见鬼了,1
咸吃萝卜淡操心！,1
是不是心碎了,1
[机智]不要,1
什么意思啊,0
万分之一概率的幸福。这样的家庭环境在非洲算土豪了[捂脸],1
好一个闺蜜[看]完美挡箭牌,1
你要相信，他俩是真爱[看][看],1
没得下家要,1
这[恐惧][恐惧][恐惧][吐][吐][吐],1
就这还好意思要车要房呢，哈哈哈哈哈，你倒贴房车都没有人要吧，哈哈哈哈哈哈哈，笑死我了[笑哭],1
喝,0
真尼玛爽[看],0
还等什么[捂脸]掌声在那里,0
眼睛也不放过吗？[泪奔][泪奔],0
 �不理解,1
[看][暗中观察],0
 嫁到非洲[图片表情],0
   啊救命,1
大家举报这个帐号，好多都是宣传这种串串的。,1
永远不见,1
人有生老三千疾 唯有骨贱不能医,0
烧成骨灰都没事，毕竟自愿的[暗中观察],1
没兴趣,0
水军出动[灵光一闪],0
强烈要求公开这个女人信息，让男同胞避坑,1
 恋爱脑[尬笑][尬笑][尬笑],1
得劲！[捂脸][捂脸][捂脸][捂脸][捂脸],0
你自己的选择哭着也要走下去。[捂脸],1
这个非州家庭还很富裕的，看到以前拍的非州男人娶好几个老婆，都是草屋,1
要不是去过，我都信了你的跪,1
物以类聚，人以群分，别在这里污化了中华民族,1
我没有这也能拍出纪录片？,0
我想看看你妈妈[笑哭],0
黑[看]最爱,0
牙为什么不是黑的[尬笑],1
也特么难受，死个人在家,1
黑宗辱祖，肮脏至极,1
一百万对，出一对,0
电视剧怎么没说非洲一夫多妻制呢？,1
确实是广西的,0
房子的布局看着就很中式,0
这黑姑娘还挺漂亮的,0
这是要三代都洗不白啊[呲牙],1
嫁？谈过都不会接受好吧,1
还不彩礼，倒贴都没有人要,1
这些都是假的，我以前在上海遇到一个女的，跟黑人怀孕了，人家把她带回美国[泣不成声],1
爱他就去他的国家，改成和他一样的国籍，永远别回来了。,1
     [困][困]什么,0
紧张去的 轻松回来的,1
又不见她妈妈呢,0
应该不幸福,1
"虽然受到了毒打
但是获得了爱情
这才是独立女性
我也想踹上一脚",1
无所谓啊喜欢就好[呆无辜][呆无辜][呆无辜],0
他们可能只是“单纯”的  想体验体验,1
别人的感情生活 有些人管的真宽 我不喜欢直接点不感兴趣,0
用脚干活，没意思,0
最好送她去中国非洲,1
一心想死,1
一看就是摆拍。,0
 这不活该吗[尬笑],1
总有借口[捂脸],1
还有车有房就可以，咋滴黑人就啥都不用，国内的男人就要有[看],1
希望你别回来了，,1
 快快快看看,0
我好奇你妈妈,1
你嫁中国人！中国人得用脚怂,1
过于真实，引起不适，举报了！,1
美国人也不喜欢胖，，，，,0
恭喜恭喜�恭喜,0
生活条件那么好吗，都吃那么胖,0
非洲伙食这么好，都吃胖了，别回来了,1
非洲的伙食太好了，把她吃的肥头大耳！,1
除了鼻孔每个孔都穿过大号了？,1
我坚决不同情你，中国人这么好，你不嫁？,1
[看][看][看]你看我信吗,0
非洲真好[赞],0
你妈妈是很幸运的,0
大慰！大得可以安慰自己。,1
那两混血小女孩，是真的丑死了,1
现眼[发怒],1
是不是酋长的儿子[看],0
这五官挺好看的,0
选择外国人生娃， 就跟他们回他们的国家 有了孩子也上他们国家的户口 不要污染我们炎黄血统[微笑],1
这个肤色比较正常,0
可以光宗耀祖了,1
我可不是你的家人们[嘘],1
祝她在非洲过的幸福,0
这个非洲姑娘颜值放在国内都是美女行列[舔屏][舔屏][舔屏],0
没有人可怜你,1
   _小张�        所以说读书没用,1
试试黑人吧，回来就没机会了，[泣不成声],1
生活很不错，应该是在非洲算第二上，上等家庭了。[泪奔][泪奔]。,0
嫁给非洲女人幸福的人很少很少,1
有句俗话说嫁狗随狗，嫁鸡随鸡，原来真的不是假的。[捂脸],1
嫁出去就把国籍户口也跟着过去就是了[暗中观察][暗中观察][暗中观察]都出嫁了还明显脱离户口了[暗中观察][暗中观察][暗中观察]嫁出国了国籍也跟着去就是了[泣不成声][泣不成声][泣不成声],1
又要黑一锅,1
医学院高材生不会英语[发呆][发呆][发呆][发呆],0
这样的不多。,0
你给她讲这些干嘛你应要支持她去最好跟她说叫她把户口也迁过去。,1
嫁给爱情就不要回来了,1
吃饱没事理这些，人家过得好好的，非要去研究人家嫁给外国人不好[捂脸],0
你女儿也嫁过去享受幸福[看],1
 好看啊我日,0
回美国去[尬笑],1
你去谈吧，最好跟他回去非洲。永远不要回来,1
 她就是活该,1
不屈自找的,1
还真是，这种女人回国还真不能要她。,1
送给他们，他们还是愿意干,1
还好不叫金包卵,1
这部剧的人该查查祖上是不是有点什么污点,0
等着人打赏，然后住上别墅，快去打赏吧,0
莫非是大的招生视频[泪奔][泪奔][泪奔],0
 笑死我了真呢好笑,1
一点都不同情他，可怜了他父母,1
杨颖？,0
怕以后没有办法讲话[捂脸],1
卖黑求荣[黑脸][撇嘴],1
拒之国门,1
我一点都不可怜她[泪奔][泪奔]不知道为什么,1
还提彩礼？以为自己谁啊,1
可以带她去建设你们的国家 又懂的知恩图报 快回去吧,1
你想嫁就能嫁的出去吗？有人接收吗？,1
试过了大多数？真行,1
祝你用餐愉快[捂脸][比心],1
嫁给中国女人 ，离了婚的属于二手 ，嫁给外国人的女人 ，全部属于废品，没有回收利用价值,1
这种应该是假的,0
  恶心人,1
高材生应该是有头有脑才对啊。一点都不像个高材生的样子[酷拽][酷拽][撇嘴],1
他是除了父亲最爱你的男人，如果你也爱他，祝你们幸福，早早的步入婚姻的殿堂，祝福你们[一起加油][一起加油][一起加油],0
生孩子机器警告的人呢[看],1
以为人家有钱[呲牙],1
有夫妻相了,0
不要救她！死有余辜[偷笑][偷笑],1
   逆天[绿帽子],1
要不是我在美国快二十年，有若干美国朋友，我差点就信了,1
可悲的是她还是高材生……,1
喜欢穿大码的,1
别劝，让她去玩,1
   哈哈哈哈,0
必须支持啊，什么时候回非洲，我等着吃瓜[捂脸],1
不反对也不唾骂[捂脸][捂脸][捂脸][捂脸],0
记者是马哥不,0
不是不愿意而是大家都懂得[呲牙],1
现在的女人，巅覆三观,1
这个长相好漂亮，捡到宝了。,0
好良言难劝那该死的鬼,1
.[捂脸],0
都别看我啊，夹菜,0
我喜欢，，[大笑][哈欠],0
它们不需要喜欢[抠鼻],1
扯淡呢。要不是我去过我就信了。亚洲女性在老美那边很受欢迎。相对男性容易太多了,0
以前看到很气愤，然后看到中国男的在非洲大陆留下数量不菲的混血儿，就觉得不是那么气愤了[泪奔][泪奔],1
活该罪有应得，嫁谁不好，嫁给非洲人,1
是 那边来的吗,0
不听老人言，吃亏在眼前。,1
   给我清空弹夹[尬笑],1
站出来说自己还是好女人,1
感觉蛮奇怪的,1
赶紧划过,1
赶紧送回非洲,1
来时好好的，回不去了。,1
究竟是什么样的爱情能让人舍弃父母亲人去私奔？,1
别回来，害我男同胞真怕惹上一身病,1
这种斗音就不要发了，丢人啊,1
大鹅咋叫？,1
这个女的以后分手不会有人要了,1
哎，以后漏尿！老了全是病,1
咋就不更新了。,0
胯都变形了,1
嫁过去可以，上户口不准上中国的就行,1
很漂亮啊  祝福,0
       笑了[尬笑],1
國家津貼太多了要我在非洲我也來中國雙引號“留學”,1
串了,0
你要跟着他一起去非洲才是真爱,1
黑子有啥好的？,1
看起来人家过的挺好，一脸幸福,0
国家都引进我们能怎么样,0
，     ?[图片表情],0
看了这姑娘的长相，我尽然不好奇她父母的样子！[捂脸],1
  不看钱懂吗,1
再富有也是非洲黑人[捂脸][捂脸],1
把小仙女都嫁过去吧[调皮]让她们知道什么才是男拳[调皮]    ,1
  这个颜值我爱[舔屏],0
孩子是无辜的，户口别上汉族，我们汉族不接受。,1
我都忘记那个武汉女大学生嫁到非洲是怎么样了,0
狂够了吗？继续。,1
这种女人别诉说情史,1
嘴够大,1
发育得这么好还叫瘦,1
嫁出国外的女人必须取消国籍  以防串种  这才是你们应该关心的  国籍必须跟着过去,1
别具打岔，你膜拜,1
确实网上很多人嘴巴比较臭，别被这些评论打扰了一天的好心情,0
这是叫咱们国家的女人嫁到非洲的节奏[捂脸],1
超级恶心,1
当她问这话的时候已经睡了，只不过是想要个心安罢了。,1
有枪真好。,1
不要你回中国了,1
生活好啊，脸都发福了,1
爬着活也活不下去,1
我操差点就回到原始社会了,1
闺女丢了,1
后悔终生嫁非洲男人,1
祝福你幸福，但嫁鸡随鸡，去他国家吧，相信你会过的好，但是没有你我们会过的更好,1
石头，我感觉这姑娘看上你了，把她取回国，为中国队扳回一分吧,0
还不算太黑,1
这是多少年的脑血栓写出的剧情,1
读书不代表就有脑子,1
我怎么看她的眼珠子倒影有2个人，是不是别人威胁了,0
[捂脸][捂脸][捂脸][捂脸][捂脸][捂脸]切,0
祝你幸福[比心],0
这该死不听话的女儿！,1
这女的一定怕黑也怕鬼[流泪],1
所以要调教你呀，把你调教的开，朗,1
看上咯他什么，就比国人黑点儿[捂脸],1
我差点信了[看],0
都被染黑[捂脸],1
        是不是这些骗你找非洲男人[看][看][看],1
没男朋友你有这么丰满？,1
大多数很惨，这是极个别的,1
这外国人怎么像猴子呢,1
一夜成名了,1
好看是好看，漂亮是漂亮。但是我还是喜欢我们中华女生[感谢],1
不是我歧视，是连孩子都不好看你懂吗,1
你认为别人为什么都找你闺蜜要联系方式呢，就是为了搞定你闺蜜再搞定你，美国人的审美很东方的,0
缅甸那么多不关注，她一个就是热门?,0
 � [泪奔],0
洲际导弹已经准备就绪,1
这个女的条件挺好的嘛，是不是喝牛奶喝多了，长胖了。,1
呸呸呸呸呸呸呸,1
白十黑＝灰孩子,1
请问，有谁知道，非洲加蓬利伯维尔，求救电话?急等，人命关天,0
女人嫁谁是她的自由，但是我不想中国在多一个人种，,1
 你以后老公都是这样的,1
姑娘你太年轻了,0
逻辑满分,0
"基因强大,孩子不黑",1
哈哈哈，，[赞][赞][赞],0
有几个这么幸运的[泪奔]那些想嫁过去的好好考虑呀 别被这种视频误导了[泪奔][泪奔][泪奔],1
事实就是，很多女孩见到老外就贴上去了。玩玩罢了谁在乎审美[捂脸],1
如果我是你的家人，我要跟你断绝关系。,1
 贱,1
果然五官好看 什么颜色都好看,0
她穿秀禾服时也好美啊，大红色好喜庆,0
就算你嫁幸福，那只能说你走狗屎运了，在原则上政治上，也不能宣传，会误导中国女人的，她们在想又幸福，器官又大又长……所以会有少数中国女人流失，,1
想要长处就得接受短处,1
爱，不分肤色，真爱，尊重，她值得,0
到了一定年纪经历了一些事后，才知道父母当年说的都是对的，事教人一教就会,1
不是，真好看啊是,0
现在鞋子大了没人要了,1
恭喜恭喜！发自内心的,0
在中国现在的女性很少做饭[呲牙],0
辛福的大红大紫喽[捂脸],0
嘬嘬嘬，[勾引]�，嘬嘬嘬[勾引]�，嘬嘬嘬，[勾引]�，嘬嘬嘬，[勾引]�，嘬嘬嘬[勾引]�，嘬嘬嘬，[勾引]�,1
好贱[捂脸],1
 倒贴十万我都觉得亏[捂脸],1
管你哦！我只想欣赏一下,0
嫁对了哪儿都有好的,0
祝福新人百年好合,0
你瘦吗[捂脸],1
这是赌赢了,0
妈祖来了[捂脸][捂脸][捂脸],0
广西人找老外的很多！,0
人家那不是胖，是壮，而且人家女的身材好，个子高[微笑],1
一天的好心情就这样没有了[捂脸],1
自己选的，活该,1
千万别给上中国户囗，给中国社会稳定制造乱源。,1
咋想的,1
六安话，热媚。,1
这么黑，一起生活，怎么受得了，还不如跟比熊过还好一点,1
这个比小美人鱼好看多了,0
真不忌口呀,1
说实在，本人对黑人没好感。但愿是真的幸福,1
不要听他们的，自己舒服就行你辛苦了[捂脸],1
哈哈哈，差点我就信了,0
只要到那边去就行了,1
因为很多中国女生略微有点作,1
不要怕自己安逸了的[捂脸][捂脸],1
玩大了,1
米德尔顿[泪奔],0
爱他就会到他家吧 �[赞],1
没有救,1
女：我过上了不苦逼的生活,1
抖音怎么跟我推这种视频,0
感觉他过得挺好的啊，回来的时候都胖了[捂脸],0
干嘛要接受你，去非洲好好过日子，不要回来了,1
 笑死我了好可爱[黑脸],1
活该[感谢],1
 恋爱脑啊,1
这个老师有罪啊,1
吃西马吧[擦汗][擦汗][擦汗],1
一脚踢飞,1
她还以为别人羡慕他[尬笑],1
 这女的嫁给黑人真幸福[捂脸],0
迟早会后悔,1
搞不懂,1
被逼的心灵手巧[捂脸],1
牛逼了[赞][赞],0
只要不来中国就行！,1
中国有那么多好的男人不找偏要找非洲的,1
自己舒服就好，管人家说什么[捂脸],0
说的对，不需要怕，都支持你,0
这些人到最后不知道有多少个键盘侠[笑哭]，然后喊着高价彩礼，有车有房对她必须好[笑哭],1
大家看好这些女的的长相，避坑,1
男人的魅力跟长相没啥关系[捂脸][捂脸][捂脸][捂脸][捂脸],0
谈恋爱？阿泰没结婚么,1
外国的空气是香的,1
差点就信了！,0
多余的话一句都不想说，死活跟我也没关系,1
不愿意还回来中国干嘛？,1
你去非洲就行了,1
你看上外国人的什么 你以为我不知道是吧,1
他也会挑你底线的,1
周周又一个历害人物,0
一个以为找到了幸福，一个只是把你当玩偶,1
这个女孩好漂亮,0
不是我想看的！请不要给予流量！[看],1
[衰][衰][衰][衰][衰],1
国外伙食就是好[泣不成声][泣不成声]都胖了一圈了[泣不成声][泣不成声],1
贝克汉姆的孩子都是白,0
扫黑人除恶行动起来,1
请了解一下华语乐坛的大张伟演唱的阳光彩虹小白马[灵机一动],0
別问问看看吧,0
非洲真的热，你看她都晒黑了。,1
你长得好美,0
真有这么好嘛[舔屏]感觉她好像在宣传某种东西，就像缅北那种[舔屏],1
怎么不把你家里人都介绍嫁过去[捂脸][捂脸],1
呜啦,0
 哈哈哈哈以后也带个黑媳妇回去[看],1
如果你们不嫁，现在再中国生活，比非洲要好不知道多少倍。,1
不要彩礼可以倒贴[捂脸][捂脸],1
这个符合国人审美，确实好看[紫薇别走],0
我操，这些娘们不是好人呐。,1
姚明穿过的鞋你会穿吗[捂脸][捂脸][捂脸],1
可笑至极,1
劣,1
不懂就问 肤色都变了？,1
我前婆家，需要他们出礼节的一概不知，装傻充愣，需要我家出礼节，门清，任何一个小细节都像行家，不花钱的事她出来想掌控一切，花钱的事，哪怕几十块，就跟死了一样，你连人都找不到,1
不可能绝对不可能，你这么大是个男的都喜欢,1
把她女儿娶回来，要不然就亏了[捂脸][捂脸],1
先把导演活剮了,1
这嘴巴是吹拉弹唱撑的？,0
因为她们想证明她们比较牛逼，也是牛逼。,1
枪呢宝贝,1
[疑问],0
她自己一个性别[送心] 我没开玩笑,1
看吧，颜色不是问题，问题是五官精致[泪奔],0
血统论，这女孩子混了几代了,1
这过的真幸福呀！,0
导演,0
 评论区真的太双标[微笑],0
妈的，还彩礼送我都不要,1
第四[看],0
这些评论区的人无语，[泪奔]这个男孩只是肤色不同就歧视别人无语。人家长的那么帅。[尬笑],0
见过世面的人眼光都高[捂脸][捂脸][捂脸],0
电影里为啥都是苗条的,0
应该不要让她回国,1
成年人要为自己的行为负责，搞不懂网上那些人为什么瞎操心,1
可能觉得你的美颜开的太大,1
这种视频不举报留着干嘛[抠鼻],1
中国小伙难道比外圄人好,1
太有才了,0
外国好[呲牙],1
多嫁点，[偷笑][偷笑][偷笑][偷笑],1
漂亮   太他妈解气啦  爽,0
不在国内最好,1
跟他去非洲吧,1
那种人种最多？,1
这种剩菜剩饭明天还有人用高额的……………[捂脸][捂脸],1
老师真是善解人意啊[流泪],0
  [尬笑][尬笑][尬笑][绝望的凝视][绝望的凝视][绝望的凝视],1
打得漂亮，�瘸了吗干嘛不揣她？？,1
行走的五十万,1
主播说的太对了[赞][赞][赞][赞][赞][赞],0
别担心人家，选择时就已经有了准备了,0
好女孩,0
你主打擦边,1
 看评论,0
为什么,0
白吃白喝白嫖拍拍屁股走人还不用负责,1
评论区让我看到了专属于中国男的恶臭[偷笑],1
丢人现眼[舔屏],1
喜欢的,0
我表示不同情,1
妈的，中国那么多光棍还嫁到非洲[裂开],1
死是大卫的鬼，如她所愿而已,1
死了也不要管,1
美女，老外那点好,1
滚蛋吧,1
没见过男人么  非得嫁非洲[看],1
[捂脸][捂脸][捂脸][捂脸]父母宠出来的,1
看评论，没发现那个网友似乎依然很担心[捂脸][捂脸][捂脸],1
  这个真的还蛮好看的[不失礼貌的微笑],0
多生几个小黑[比心][比心],1
是到了该【立法整治】的时候了[发怒][发怒][发怒],1
黑人为啥是卷发,1
哎呀，这我就放心啦[呲牙],0
86年能出国留学的家庭应该算有钱人,0
  王佳成 ,0
支持家人,0
人家就说了，一对可爱的双胞胎，怎么可能，那是黑得可爱,1
跟他回非洲就可以,1
你劝他干嘛，你应该支持，等被抛弃了她就懂了,1
果然评论比视频更吸引我,1
哎！,0
有病吧[尬笑],1
估计好多代都回不到黄皮肤来了吧,1
无人同情,1
真爱啊[捂脸],1
恶梦的开始，哎,1
恶心[衰],1
真光荣[看],1
眯眯眼,1
真是重口味,1
中国大把的男人看不上，老外一追就到手。管她们干什么，祝福他们就可以了。,1
光宗耀祖[尬笑],1
可别回来[微笑],1
我觉得这都活该,1
把不好拍出来,1
祝福白头偕老,0
嘿嘿   爱他就去他的家乡吧,1
建议大家了解了解八抬大轿[送心]一些紫微星真的不配拥有，随便用小心给人笑话一辈子[大笑],1
是谁让思琪上大学的？是学让陈怡上大学的？上大学有什么用？是不是可以当酋长夫人？如果上大学是为了混一本毕业证书！还不如从来没读过书！文盲不是罪过！但是由于接受过高等教育而导致道德文盲是罪过！我绝不会让我女儿上大学！如果她非要上大学我会和她断绝关系，如果真发生这种事情，当初就不该把她生下来，我想了很多，所以我这辈子不结婚，不生女子！[呲牙],1
拜托 千万别回来 我真谢谢你,1
真厉害，会做吃的，还会做穿的,0
生出来的小孩是汉族吗[思考][发呆],0
[看][看][看][黑脸],1
够勇气,0
那么黑的皮肤能看习惯吗！还能跟他走有了孩子，理解不了,1
艾呀，梅事啦[泣不成声],1
我喜欢你[看],0
都不知道带了非洲病毒没，第二，你都生了两孩子了，还要房车，做梦吧你,1
这个女人，活该,1
她好漂亮啊，,0
斯气吧,1
 我凑,1
去吧，每人给1块钱凑够了，喊他们买飞机回家,1
 为撒,1
考上南京名牌大学不知道非洲的贫穷？[尬笑],1
恶心到吐,1
这个黑糊糊有点漂亮的,0
    好好看[舔屏],0
广东的又瘦又小 不也那么多吗,1
苦什么别苦逼[赞],1
你这在国内 这样9分啊  在美国居然没人追 没天理啊,0
我想知道这是为什么,1
多好，开心是要付出代价的,1
谁愿意捡洋垃圾,1
很少,0
图什么,1
这种人活该[呲牙],1
我觉得回来我是男的没钱都不娶你,1
这些都是假的，是别有用心人摆拍的。嫁到非洲的女人都过得很好！姐妹们！要勇敢去追求自己幸福[尬笑][尬笑],1
没人约你，我约你[笑哭],1
太猛[震惊][震惊][震惊],1
做饭又做衣服。,1
你看看这是生了个啥[捂脸],1
什么啥卵,1
还别说，中国大把人要。没有嫁不出去的女人，只有娶不到老婆的男人。现在的社会就是这样。,1
赶紧嫁吧，光宗耀祖。又是一大朵花+一枚钻戒。哈哈。[捂脸][捂脸][捂脸]。要是我女儿嫁老外，直接断绝关系。,1
只能说活该,1
品种不一样，黑不溜秋的种能长出好地瓜吗？[捂脸],1
去你的！,1
都长胖了，多好,1
继续啊，继续收天价彩礼啊，怎么不继续了[偷笑]一天天的对着男票说：钱重要还是我重要。要是男生问回你们女生：钱重要还是我重要，你们怎么选[捂脸],1
额，下家不好找了,1
[看]黑白的比较好,1
以后要是让黑哥不要了 这48码的难搞,1
她的快乐你体会过吗？,1
这是赖皮么，想问下赖他什么[捂脸][捂脸][捂脸][捂脸],1
说了半天都是解释别人为什么不选你[捂脸]你到底怎么想的呢,1
男人不结婚 不贷款买楼房 生活爽的很,0
绳子放长了什么妖魔鬼怪都出来了。,1
背湿,1
大黑兄弟！受苦了！,1
我还是喜欢黄种人，喜欢中国人[泣不成声],1
嫁出去了，就不是中国人了,1
还真的没有很丑的,0
[捂脸][捂脸][捂脸][捂脸]不听父母言吃亏在眼前。命运,1
挺美的,0
好漂亮啊[求抱抱],0
求基因突变，用这种方法,1
有就有呗[惊恐],1
没人愿意刷锅,1
支持，为了爱情，可以嫁去。,0
我愿意要，总比没有好,0
这种一般都是女的学历低没什么见识，[呲牙],1
你爸说：娃，你不是我孩子，你是非洲人,1
不是爱情吗,1
没打死还好,1
纯恶意 吐口水,1
松款了,1
从小到大都不喜欢白廋，不知道天天被谁代表了大部分男人,1
过段时间男友突然失联，长沙又多了一个单亲妈妈[泪奔],1
哈，你爸妈不会高兴的,1
要房要车要彩礼不,1
都活该，恋爱脑,1
那你到底有没有,1
我看也挺好的。吃的肥头大耳的，挺好[赞],1
死不足惜[捂脸][捂脸][捂脸],1
草 别回来了,1
外囯的月亮是圆的，屁也是香的。她的遭遇只有他的父母痛心疾首，跟别人没有半毛钱的关系。,1
想的真多，还列了7条,0
中国的好男人多的是，以后妳一定会悔,1
丢脸，难道中国没男人了吗？,1
 [震惊][震惊][震惊],1
基因的战争失败了,1
不能让他回国，这种人让他回国妥妥害人[看],1
悲哀！[鄙视],1
进口货耶,1
 这个真好看啊,0
感觉中非配好难看,1
黑人都是这样,1
人家自己的选择，过的好与坏，都是人家自己的事。,0
高手[看],0
谈了，麻烦你到非洲，还我净土,1
他抖音号多少,0
自己种的树，得自己受的苦，谁叫你看到老黑啊？难道我们中国人男人比不上老黑吗,1
 幽默典范的小哥[笑哭][笑哭],1
好走不送,1
没有人愤怒吧，都是开心的祝福吧，过得挺好回来干嘛[笑哭],1
竟然还有人在这个评论下质疑如果发生在国内打死闯入人的后果，,1
尺码不一样啊,1
希望法律再加一条嫁入国外的女子取消中国国籍[尬笑],1
以后还得变的纯黑,1
海外华人一定要保护好自己[赞],1
真晦气啊 怎么能刷到这种视频？？[吐],1
"嫁国男，要车，要房，要彩礼，不干活，不生娃，饭来张口，衣来伸手，颐指气使，半点不顺心，张嘴就骂，抬手就打，标准悍妇！
嫁老外，养猪干农活，苦活累活抢着干，贤惠温顺，生几个男方说了算，倒贴嫁妆，低眉顺眼，生怕没把穷老公侍候好，在家不敢大呼小叫，上得厅堂，下得厨房，只恨自己保姆没当好。",1
以前是真开放，现在是真放开。,1
国内又多一光棍[捂脸][捂脸],1
评论区竟然不见一个女的，呵！,1
我觉得女生绝不能下嫁,1
说的很对 父母会去世 儿女会结婚有自己的家庭条件陪伴在身边的永远是妻子丈夫[泣不成声],0
"初始执笔为虎
继而挥笔为二
终极投笔为傻",1
     恋爱脑二号[泣不成声],1
[思考]没有被分开卖[抠鼻]我还跟老婆说了呢,0
肤色不一样 可是她真的很漂亮啊[泣不成声][吻],0
非洲很大，国家很多，生活好不好，主要看嫁到哪个国家,1
只要不谈彩礼，大家都能接受，,1
山东女人就是不一样[捂脸],1
赶紧走，别拿你们的产品再霍霍下一代，我们需要纯正的中国人的血统,1
100个能有一个这样的吗,1
千万别给留下黑孩子，还给上个汉族的户口！都打包带走吧，谢谢了[抱拳],1
真是个心灵手巧的妈妈,0
只要不待在中国那我没什么意见,1
真穷[吐血]，图啥？,1
在非洲应该没有公婆 不用彩礼嫁妆吧[大笑],1
不是说好的生是大卫的人，死是大卫的鬼吗？,1
别把你们后代留在中国，应该和你老公，去他那个国家，谢谢,1
"中国男人有家庭观念，传宗接代观念，责任感。
但是黑子那边之前还是部落制度吧[捂脸]",1
你晒黑了,1
真幸福啊[看],0
这姑娘真漂亮，五官好精致,0
噁心,1
个别而已！不要骗人了！,1
嘴唇都被人打肿了,1
嫁哪里个人自由，只要不留在中国就可以了,1
那男的家庭条件那么差怎么有钱出国去读书的？,0
    哈哈哈哈哈哈最后那个好搞笑,0
1年以后,0
哈哈哈，该不该你就说,0
愤怒个屁自己选的活该,1
你要变第二个陈怡？,1
去看看陈怡，崇洋媚外,1
又一个陈怡出现了！活该活该,1
你情我愿，挺好！,0
该！活该！自作孽不可活！,1
归根结底还是贪财,1
有没注意看门栓[捂脸],1
真爱,0
200磅？90？？？？,1
          秘书们，帮我查查这个剧在哪个平台能看,0
友情提示，山东女人不要碰，会得艾滋病。生命只有一次，请自爱！,1
自己选的，谁也别怨。,1
恕我接受不了，乌漆嘛黑的老公[捂脸]（勿喷[调皮]）真是感觉还是咱们中国人长得好看，比如我男朋友[呲牙],1
支持去非洲，别带回来就行,1
哪比不上，搞不清楚,1
大街上都站不住了？,1
这极[捂脸],1
你好，二代白给妹,1
混血了,1
牛大粪还高黑帅[捂脸][捂脸][捂脸][捂脸],1
骨子里的基因是调查报告所不能的！,1
不理解,1
你不开放吗？,1
祝福你快去吧,1
他用白皮肤伪装骗你了？,1
爽歪歪[大笑],1
嘴巴都干歪了[捂脸],1
去吧  [泪奔] 不洗手真的可以接受吗[泪奔],1
这种女人他就该受,1
光宗耀祖[呲牙],1
美国电影明星  有你说的那么胖的？,0
光宗耀祖哦，第一名哦,1
请查一查是否为间谍,1
稀有的例子，多半嫁非洲结局都不好,1
吥,1
你爸爸几个老婆？,1
我要去收购一批机器,0
比例又对呀,0
活该！自己作死,1
活该，活该。,1
 跟你小舅那个有什么区别,0
[赞]遇良人,0
黄种人不能和白种人混血，否则，下代的下代将是病理状态,1
已经劏缸了！[捂脸][捂脸],1
 还好我是家宝女[调皮],0
  励志成为炸鸡店主  [闭嘴],0
看到这视频心里爽歪歪[捂脸]，早知如此何必当初[捂脸],1
恶心死了[捂脸][捂脸][捂脸][捂脸],1
这些主播带节奏  看看悲惨的多还是这种多,1
既然说了 死是人家的鬼  何必还要回家,1
你想传播什么思想？,1
[看]过得这么好就好好过,0
生五个想想都怕[捂脸][捂脸][捂脸],1
看来中国的一部分女人还是不适合中国男人的！而是不配！,1
鞋太大了，别人不能穿[捂脸][捂脸][捂脸],1
想起了缅北娇贵的小公主。[泪奔][泪奔],1
还好意思出来抛头露面，,1
没事，不在中国怎么样都行[看][感谢],1
哈哈  活该！,1
出去玩的咋样[绝望的凝视],1
有爱情！有抚摸！有锻炼身体！知足吧！继续你们的幸福！祝福你们快乐每一天！,1
老外高兴坏了[捂脸],1
为什么崇洋媚外！虚荣心嘛还是怎样，,1
不正常吗？,1
真棒��,0
不是吗[看],0
老同学 你的便秘好了没,1
人家起码不会便秘，有什么错,1
美国:鄙视我 理解我 成为我[绿帽子][绿帽子],1
怕得病,1
看不得这，呸,1
这样的人值得报道吗？,1
得了吧 别吹了,1
那个说嫁到非洲的男的，是不是 “非洲十年”啊,1
丢人现眼的玩意儿,1
因为白人不喜欢你，黑人忒喜欢你这样的妞[鼓掌][一起加油][玫瑰],1
只要别留在中国，我真的甚至可以随个份子。,1
好事啊  嫁去非洲,1
像是广西的特点……相貌,0
哈哈，只要去非洲就行，别踏马在中国碍眼,1
舒坦,0
爱的就是这个力道！,0
这女的该死[抠鼻],1
请尊重别人自由，多关注关注民生，这些就是别人自己的选择[送心],0
人家不会问掉河里你会先救谁？聪明的女人[赞],1
小黑！,1
唯一一家小康生活的非洲人 其他都是露宿,1
名来的东西总比祖宗留下的好吗？比喻文化，观念，品德！,1
中国女性可不害羞，不信你去夜店逛一圈,1
别回来就好了[感谢],1
我为何要在下水道里找水喝,1
不[我想静静],1
但是我觉得你很大啊,1
打的好[赞][赞][赞][赞],1
要命了哦嫁个老黑[呲牙][呲牙][呲牙][呲牙][呲牙],1
我只想说一句，活该,1
许愿的寺庙去 别在抖音上许愿,1
你喜欢中国男人还是非洲男人[呲牙],0
妈的，别回中国,1
不管是娶还是嫁都建议去他家乡搞建设,1
去了广西 是不是我们学校[泪奔]哈哈 我们学校就很多阿黑哥,1
说白了她就是贪财,1
萝卜白菜各有所爱,1
有一种天坑叫无底洞,1
爽吗[偷笑],1
卧槽，中国本来女的就少，又多了个光棍,1
很健康，携带者。这方面要加强教育阿。,1
非洲是一夫多妻,1
怎么认识的？,0
真好真羡慕的爱情,0
虚弱到了一定程度，也能叫文化,1
我从小就知道非洲人穷，还会家暴，即使再爱也不能嫁呀,1
有多远走多远，永远不要让国人看到你,1
她好幸福知足的样子，祝他们幸福,0
我擦嘞，我也觉得特好，看你长的就知道到时候生的很壮实，到时候能不能留两条给我耕田[呲牙][呲牙],1
身材这么好,0
欧美澳洲留学回来的女生。回来相亲是扣分项,1
 好美啊她,0
天,0
关我什么事？,1
蠢女人,1
她好漂亮啊[抱抱你][送心],0
不值得同情也不值得可怜,1
报废的车辆，年检不过,1
活该，再次证明无知的自作聪明自以为是多么的愚蠢。,1
放毒,1
自己找的！脚上的泡自己走的,1
很漂亮啊[泪奔],0
老古话嫁鸡随鸡,1
我是不是特别冷血，看了除了开心没别的情绪，一点也不同情[呲牙],1
哈哈哈哈哈哈哈哈哈哈哈,0
无聊 为自己的行为买单吧……,1
[笑哭][笑哭][笑哭][吐][吐][吐],1
回他们国家去,1
非洲人就是这样的，今天发了工资明天就不上班，钱用完了再去上班的，特别特别懒，传统习惯,1
我必须做点什么了,0
我妈跟我说，如果找不到国内的，娶个非洲的也可以[流泪],0
吐血,1
一处水源供全球,0
要是这样的话外国明星怎么不胖而且也这么多人喜欢,0
红毛白面/黄毛白面（白种人）， 黑卷毛黑面（黑人），黑毛白面人（黄种人）[看],1
呸呸！,1
不错啦，还能回的了国,1
再中和几代肤色就一样了[呲牙],1
这样的人不值得可怜，活该,1
都进化和它老公一个色了,1
也许人家提前婚检了[发呆],1
要不是我看过美国片  我就信了,0
[赞][赞][赞]前途无量！,0
别回来了 别带病毒回来[撇嘴],1
虽说在非洲算是土豪了，但项多相当于中国的农村！,1
爱他，就随他回去[吐][吐][吐][吐],1
我支持这位小姐的爱情，但还是那句话，不回来，孩子不是中国国籍，不在中国就好,1
家里人搞笑了，倒贴了做梦都会笑,1
怎么都是嘴唇再犯呢？,1
为什么要接受？为什么？你能给我一个理由吗？,1
拉黑 下一个,1
丢人啊，黑白配，看不下去了,1
看到结局我就放心了[抠鼻],1
污染太大了[呲牙]任何人都怕,1
洗白了[害羞],1
别回，黑黑爱你[捂脸],1
美女很中国，她妈妈基因好强大,0
究竟多大的脸才能说出还不要彩礼 只要有车有房就行,1
 [暗中观察][暗中观察][暗中观察],0
你爸看见了 我怕直接抽七匹狼[看],1
管他那么多，你去啊，你去啊，你去告诉他，你去呀,0
个别而已,1
应该的[尬笑],0
不仅漂亮，还有中国女性娇羞的神情[送心],0
有眼光选择了黑人，香港高管不做宁做非洲主妇。[捂脸],1
出去了就千万别回来了,1
谁会不喜欢玉壶呢？,1
等着挨揍就好了,1
改肤色了[捂脸][捂脸][捂脸],1
跟他回家吧，请不要再回来了[吐][吐][吐],1
别修她爸了！滚蛋！,1
长这样去非洲咱也不能说啥吧,1
这坑挖的有点大。,1
滚岀中囯吧，难道你脸面吗,1
缘分就是自己说服自己的一个说辞而已！说白了就是一个有需要一个想给予！,1
廖主任：此生无悔入华夏,1
别污染华夏血统,1
希望不要再见到你，你走吧,1
这不是唐山烧烤吗？,1
玩了,1
一句活该不知道在座的同意么,1
什么安全感，不跟他，你就会被咋滴，我去，你是什么人呐，一个字，滚�,1
换个白人你再试试,1
炫耀你够渣,1
不懂南北战争，不作感想,0
呃[绝望的凝视]看你长的这么漂亮我觉得还是不要嫁非洲了吧,1
都是抖音美颜惹的祸 [捂脸],1
这种不需要同情的！,1
  名不虚传,1
未婚妻….不爱但有孩子…..这都是之前的事情了….族长放下偏见…..,1
  勿扰）,0
在中国生的给娃国家给上户口么，[捂脸],1
有一瞬间很像杨颖啊，挺漂亮的,0
视频不是1:10[看],0
 讲解下这个奇葩剧[捂脸],1
哈哈哈哈，活该被打[看]，自己作孽，没人救得了你[看],1
有车有房即可[看],1
我看到评论区很多恶意 希望你不要管他们 自己舒服就好了[送心][泣不成声],1
自己酿的苦酒自己喝,1
这个女人怎么想？[捂脸][捂脸][捂脸],1
图一时新鲜和刺激，最后会付出沉重的代价，特别是染上爱知病，害人又害己。,1
我可以证明她说的没错,0
看到大家都在喷我就放心了[泣不成声],1
黑人也敢相信？,1
兄弟们不喷这个，人家在国外住着,1
万一人家是物业的咋办？万一是上门调查取证的协警它二舅咋办？咱们可不能学这套,1
这样的女孩就应该受苦，为自己的任性买单，世上没有卖后悔药的[捂脸][捂脸],1
看看评论区这酸的,1
这是酋长家了啊[抠鼻],1
那就做他的鬼吧 别回来嚯嚯国内男人了[思考],1
打一辈子光棍都不娶这种人,1
这样的人不可怜她。,1
我就想知道彩礼多少,1
感觉网络与大众脱离,0
低价,1
 该哭啦,1
是不是摩尔人？,0
[呲牙]这要是皮肤雪白，偶像剧都能拍了,0
[舔屏]老实人必须百八十万彩礼才能接这二手大盘！,1
 这不过得蛮好么[调皮],0
最后一个就不要喷了，那个黑人是国内第一个中医外籍博士后，做了中医后还是做了很多好事的,1
这样一搞，又有很多女人想嫁到非洲了,1
亚州马桶,1
那说到底，你挨过外国的没有？,1
那个黑棒子很喜欢。,1
不值得同情[赞],1
知道在非洲，我们就放心了！,1
这不是中国人吧,1
看不出哪里被骗,1
我有个朋友说她是：乃求货！[听歌][听歌][听歌],1
她就是这个命,1
后悔一辈子,1
是吃了一碗螺蛳粉认识的吗？,0
鄙视[擦汗],1
取关，不要浪费流量[发怒],1
活该！不值得同情！,1
 恶心,1
活该，没人同情,1
   笑死了 什么剧啊,1
都这么下了，谁会接盘？？,1
滚远,1
那句话咋说的 还得是枪杆子,1
听她朋友的话，才是真的,0
在中国饿坏了！去国外胖了！就不要回了,1
[鼓掌][鼓掌][鼓掌][鼓掌][鼓掌]真爱,0
就不应该开门[捂脸],1
太显眼了，赶紧带她去非洲啊,1
你说的是真话吗？你好漂亮我喜欢你，我们可以私聊吗？,0
别恶心我了,1
倒贴都没人要吧。,1
小美人鱼是这种颜值我就去电影院给迪士尼捧场！[偷笑][偷笑]！,0
还有脸说[捂脸][捂脸][捂脸][捂脸]另后悔,1
滚出中国！[图片表情],1
千万别来中国[感谢],1
只听说广州多，怎么湖南也多了吗？,1
别人以黑为美,1
不是黑色人种和任何人种生的孩子都是黑色皮肤的吗？,1
真她妈   不想说了,1
会被沦为生育机器吧？,1
这个可以算是黑珍珠了，不错[赞],1
关键是型号，对不上呀[捂脸][捂脸],1
就得打就得揍你，知道你打的越狠，我越开心，懂吗？,1
不做评论！,0
之前是这样的：现在是这样8了,1
[吐彩虹][吐彩虹],0
是挺好的，但是这五个孩子生的时候也要命啊[捂脸],1
      好漂亮,0
天天吃饭的人，有时候也想吃面[捂脸],1
顶心顶肺[捂脸][捂脸][捂脸],1
有些人为达目的 啥是都干的出来,1
去吧去吧。祝福你们。,0
呸，活该,1
国外法律规定，私闯民宅，行凶的打死不负责的,1
我刀呢，我要把导演杀了！,1
能处,0
所以说非洲人穷是有原因，那些很穷的非洲人，有节目组帮忙后就是坐着吃，吃完了又是原来的样子,1
管我们男的屁事,1
好漂亮哦。好高级吖[呲牙]！真美。值得值得[呲牙],0
给他介绍给博主,0
最噁心的就是这种女人,1
[吐][吐][吐][吐][吐][吐],1
 的百宝箱,0
新娘五官立体精致，嫁给我们中国好儿郎准没错[鼓掌],0
《他是不婚主义者》,0
嫁到非洲[捂脸],1
这导演什么居心，事实很多嫁过去的，生活过得惨不忍睹,1
注销中国护照没，，回来探亲可以，,1
不影响我挣三千块钱工资[捂脸],0
谢谢！,0
我信了，你没说错，但是，你没说是否主动约过黑白大汉,1
这个无耻的渣女,1
去到那里才知道什么情况[调皮],0
说得好说了一大堆 也没有说重点,0
活该不？,1
[泪奔][泪奔][泪奔][泪奔],0
 哈哈哈笑死我了[流泪],1
要是老黑退货，我愿意打光棍我都不会要,1
[奸笑]飞周真好，自由开放[捂脸],0
爱情就是爱爱。[捂脸]确实不会接受。叫中国的牛可以接盘,1
全网看清此人,1
还保留着完好吗[呲牙],1
你把等量的牛奶和咖啡搅和在一起也不白啊,1
你这么大[捂脸],1
这个洞太大了吧？,1
非洲果然网络卡，拍个视频都得用2网络,1
"本来是（）从非洲回来之后成（
）了[捂脸]",1
搞不懂女生为什么喜欢非洲人，回国后会被嫌弃的，好好想想吧,1
这女孩长的很广西,0
快一年没更新了吗,0
家里的装修都是中式风格[赞],0
一首歌送给这位女孩 中国人,1
真好[捂脸]。,0
她妈妈也真是个人才……,1
那么多黑帅哥，找了个最。。。,1
有些人……为了钱没什么不可以的[捂脸][捂脸]不然图什么[捂脸][捂脸],1
没多娶几个,1
希望你不要回来,1
很好很好很好啊,0
  现在不保护了[送心],1
活该自作自受,1
这个就是爱情啊，你们懂不懂啊?打是亲，骂是爱，他们爱的多轰轰烈烈[赞],1
放不了响屁了,1
喝醉了吧,0
只要你跟你老公回国，我们祝福你,1
这要在某些地方的：你为什么开门,1
在中国留学回去还那么日弄吗,1
没事，嫁鸡随鸡，嫁狗随狗，既然嫁过去了那就应该去和你老公建设他祖国就行，最好不要回来,1
串串[捂脸],1
网站有她拍的片[石化],1
 不错不错越来越有夫妻相了,0
  不笑你们还能看见我吗[灵机一动],1
她老祖宗的棺材板压不住了[捂脸],1
白瞎了，南京的大学,1
境外势力操弄拍的文化入侵,1
这个家庭还是可以的，有的你看着都心累,1
嫁出去就不要回来了，国籍也改了不要在回来,1
非洲是个非常贫穷的国家？,0
别报道了………………,1
只要孩子不是汉族就好,1
甜腻腻！[赞]真会说话[赞],0
生到这样的女儿，真是虐心，祖坟冒烟了,1
肯定是广东的,0
不是哥们她是真好看啊[流泪],0
可惜了可惜了,1
 跟我住,0
别回来啦，那边挺好,1
穷养男富养女，经典[捂脸][捂脸][捂脸][捂脸][捂脸][捂脸],0
痛并快乐着,1
幸福的家庭都是一模一样的[微笑],0
[比心][比心][比心][比心],0
[大笑]爱你的人谁在乎你过去,0
 希望我妈妈同意[暗中观察],0
 我靠我真的接受不了[尬笑]还是喜欢白白净净,1
 受不了了[尬笑]恐婚,1
尊重每一个不在中国的黑人,1
[捂脸][捂脸]评论区被美丽国的杀疯了。,1
 缘分,0
为啥不说是校方的事？山东大学,0
顶肺[捂脸],1
200磅才90公斤也不胖嘛,0
可以交往格局真大[赞][赞][赞][捂脸][捂脸][捂脸],0
败家子,1
不是我们狠心，可怜之人，必有可恨之处，不应该管她们，她父母话都不听，真是活该,1
生了5个[捂脸][赞][赞],1
骗骗我们就算了，别把自己也骗了,1
看得上亚裔的欧美佬只有黄热病患者,1
恶心[吐][吐][吐],1
雄不瘦,1
请你们不要多管闲事啊，你看他们爱的多幸福,1
回来吧 我有个朋友至今还没有找到另一半，他有低保拿 够养家糊口了[呲牙],0
好多垃圾桶,1
猪八戒大姨[捂脸],1
 你接受我不接受[看],1
[赞][赞][赞][赞][赞]嫁了好男人人[捂脸],0
湖南的女孩子加100分[看],0
嫁人了，就跟他去他的地方住,1
这才是嫁给了爱情 祝福[赞],0
听她吹牛,1
这种女人不该救,1
倒贴都没人要啊还不要彩礼。,1
等时间长了   两口子思想会改观,0
玩玩你没钱了就把你踹了,1
你说一下  为什么不接受,1
缘分[捂脸],0
你的 [右边]               [左边] 这么大了 万还怎么快乐起来？,1
为什么要选黑人？,1
[感谢]金女,1
    [惊恐],1
舒服[捂脸],0
活该，小时候幸福够了，长大了不知福,1
越来越有夫妻相了，真有福气，好好享福哈,0
幸不幸福关我吊事[捂脸][捂脸][捂脸],1
这是在抖音里看到的非洲最干净最富裕的家庭[赞],1
我只喜欢皮肤白的[暗中观察],0
 很哈哈哈哈哈,0
[鼓掌],0
让人打死没,1
      就是那个大姐[泣不成声],0
哎哟喂，好骄傲的样子。,0
酋长,0
小心有绑匪[捂脸],1
让他去演美人鱼，我没开玩笑[呆无辜],0
  要媳妇要要这种[捂脸][捂脸],0
蛮有夫妻相的，好好过，别回来[看],1
不作死便不会死,1
国内真的很多优质男？,0
 搞笑,0
双鱼座女人。。。。没人会信你说的吧。[捂脸],1
箭,0
要丢也不带去非洲丢 ，如果实在不行的话 把它卖去缅甸吧,1
赶快把她送到非洲去，别让她回来,1
这媳妇行！黑人全世界确实不好,1
可以说一个字吗？该！中国放不下你了？,1
中国的女孩们，小心，他们在骗你呀[皱眉][皱眉],1
这不是我要的结果,1
这样的视频不用再发了,1
 有啥好,1
华不留黑，中国之所以安定团结就是因为中国是一个多民族国家而不是一个多种族国家！为了子孙后代的安宁绝不能给他们留下种族矛盾和种族冲突的种子！,1
在抖音上看到嫁到非洲来最好的一个[感谢][感谢],0
你太优秀了,0
嫁给他嫁给他[呲牙],0
�死[看],1
成年人，，，得为自己行为买单,1
只要不带到中国，分手了别找中国男友你就是好女孩[抠鼻],1
黑教材真有你[呲牙],1
嫁到欧洲,1
不应该回情,1
非洲多好啊 [呲牙]回去吧,1
五个？？？？,1
这不比国内女权漂亮一百倍,0
肯定不要这样的女人,1
  好漂亮[色],0
新娘好美 [赞],0
带回你的家乡，谢谢了[泣不成声],1
估计当又鸟都没生意,1
医学系大学生不会英语学[尬笑][尬笑][尬笑]，什么弱智剧本,1
还不到流泪的时候,0
哈哈哈哈哈哈哈哈哈哈哈哈哈哈哈哈哈哈哈哈哈哈哈哈哈哈哈哈     ,0
女生很性感啊,0
该，白送倒贴都没人要,1
抖音为什么没有举报功能？！差评！[发怒][发怒][发怒],1
死都不要回来哈[捂脸]中国男人太穷要不起,1
你这么说，詹娜应该没那么受欢迎吧,0
一时爽 一辈子偿,1
听我编[看][看][看],0
如果是买来的 很容易跑�,1
不需同情，咎由自取，活该。,1
还有吗？给你妈留一个,1
 外国出发,0
口语应该是提高了[看],0
     我要笑死了,1
我要是不了解留学圈，我都差点就相信了[抠鼻]我留学3年你说的，圈子我敢保证最多是2%的可能是你那种圈子，其他百分之98说明白点老外就爱中国女生懂吗,0
自作自受[捂脸][捂脸],1
好光荣之家[赞][赞][赞],1
担心�,1
恶心，污染我中华民族。其心可诛。,1
这种女人如果成千上万，我们将来会怎样,1
他妈的，我想归队了,1
 麦出事了,1
欧美妆[赞],1
只要嫁出去，无所谓，不要留在国内就行了,1
开放就开放 还开朗,1
看不过去[捂脸],1
你能收多少好处？你的国籍还是中国吗？你这个账号问题非常大！,1
中国人怕掉进去,1
谁？？,0
这个好看[看],0
[衰],1
作者拍的都是中国那些晒黑虾头男打老婆的视频，非洲的老公是不会打老婆的[微笑],0
拿耻辱当荣耀[捂脸],1
后期只有我敢接手[爱慕],0
别回来求求了[流泪][流泪],1
不关心不想看见此信息。,1
对不起，我的疏忽,0
爱情不分肤色 国家分[舔屏],0
卍,0
挺好的啊肥了,1
不要推给我[捂脸]，这种视频我不想看到。,1
路是你们自己选择的，哭笑自己品,1
在国内 哈哈哈 互殴,0
可怜人,1
为什么我看的视频丝毫不觉得女生内敛呢？,1
自找的，活该,1
这样的才适合做变形金刚的女主嘛,0
不要回来就好，千万别把黑串带回来,1
我建议她只享受过程！千万别制作成品出来,1
所以啊不要恋爱。一定要睁开眼睛。否则你嫁错了人，就给自己等于挖了一个坟墓。嫁对了人就幸福一辈子。,1
人要善良，不善良就是穷的原因[泣不成声],1
恶心不恶心[奸笑],1
 关键时候你要帮我打仗,0
千万不要回来     就在他的家乡过你的幸福生活[赞][赞][赞][赞][赞][赞],1
好像伊巴卡,0
这就叫自讨苦吃,1
应该放一个大张伟唱的那个，你试试,0
中国女人有很多太不洁身自好！,1
户口迁过去没,1
什么样的找不到[捂脸],1
拉黑一手,1
她演小美人鱼我是同意的,0
后悔不急,1
跟我们有关系吗.真的是,0
自己选的路，跪着也要走完，不怨你，不怨我，有因就有果，自己扛着吧！,1
你别大多数了  你就说你吧[呲牙],0
不用同情她！,1
旗袍只有中国女性才能穿出它的美,0
这女子在她部落可能从来没享受过的待遇，恭喜他们,0
我要你家长，打死你,1
人生无常，小肠包大肠,1
本来就是，最简单的是本来中国男多女少，你还吃里扒外谁愿意接受你[呲牙],1
嫁到非洲,1
这样的女人活该 被打,1
突然想看她爸妈[捂脸],1
我见过的中非混血儿中最白的,0
[惊呆][惊呆][惊呆],0
毛毛虫[笑哭],1
黑户,1
立法，涉外婚姻必须取消中国国籍！！否则中华大地危险，必将引发[炸弹][炸弹]。,1
这男的在部落应该还有好几个老婆,1
真羡慕你，找了一个黑马王子，你家祖坟冒黑烟了[感谢][感谢][感谢]也如愿以偿的幸福婚姻,1
人家是不喜欢  但不妨碍你们往上,0
我宁愿单身,1
我喜欢[送心],0
自己真作死,1
开朗的确是没错，不错就身材而言至少我在几年 白人男生绝对会选你而不是200磅的[泪奔],0
别扯了,1
不说谁知道[捂脸],1
举报一波  不良引导,1
说的好，说的真好，[赞][赞][赞][赞][赞]，[赞],0
 周周不就是你吗？啥时嫁给非洲人了。,1
你咋不要求卫哥有车有房,1
看到没，非洲人基因有多强大,1
天堂有路你不走，地狱无门自来投。,1
����[泪奔],1
被辐射了吗？,1
人生就是追求刺激，国人给不了,1
坚持理想,0
这话说的真是给了脸了,1
这都是人家那边的风俗习惯，你选择了就的入乡随俗,0
看了两秒就不想往下看了，是喜欢看看吧,1
这种女真的是激死老豆找山拜。,1
哈哈哈哈哈哈哈哈哈哈哈哈哈哈哈哈哈哈哈哈哈哈哈哈哈哈哈哈哈哈哈哈哈哈哈哈哈哈哈哈哈哈哈哈哈哈哈哈哈哈哈哈哈哈哈哈哈哈哈哈哈哈哈哈哈哈哈哈哈哈哈哈哈哈哈哈,0
嫁个男人就不幸福，别比较,1
买枪的正当理由[捂脸][捂脸][捂脸],1
打是亲，骂是爱，[赞],1
真厉害，外国打个架都是你死我活的[捂脸],1
只要不回来坑害同胞就行,1
从医学角度来讲， 黄种人的脑容量/平均智商为105，白人则只有100，黑人的则只有75。媚外女让自己的混血后代退化了2万年（黄白混血)-8万年(黄黑混血)。,1
嗷嗷叫媳妇[皱眉]…,0
关我们屁事[鼓掌][鼓掌][鼓掌],1
跟我有一分钱关系嘛！中国这么多男人都找不到媳妇,0
这样婆媳矛盾不就没有那么尖锐了么[流泪],0
这么不耐烦，换个颜色是不是要吵架了,1
以后等着哭吧！这,1
  恋爱脑倒霉一辈子[送心],1
串串,1
怎么瞧的上的[发呆],1
别发了行不？想吐的，他妈的,1
他们都没有说重点[捂脸][捂脸],0
我真的错了吗,0
完了，这是见过世面的,0
中国人也喜欢微胖的,0
活该，崇洋媚外，爱钱。,1
白富美，真的，瘦不一定，呦你可不要胡说八道,1
把她取回来有借有还,0
白人跑路的渣男一样多[捂脸],1
笑死我了,1
真的嘛，那些乱玩乱搞的男生，有人会在乎性格嘛？而且你也不瘦[捂脸],1
图个啥[抠鼻],1
打酱油去,0
嫁了就去你黑人家过生活吧,1
只能呵呵了,1
还要有车有房，这种女的，送都不要,1
锁死，别回来,1
真以为自己找到幸福！有的它后悔！,1
不懂事，有你哭的时候,1
《医学生不会英语》,1
千万别回中国，在哪都养胖了，这么好的日子。,1
去帮帮陈那样的女孩子,0
臭坑,1
锁死好吧，别让她有下家,1
主要是不能用了,1
应死[呲牙][呲牙],1
亿万分之一,0
广西人民医院提醒大家注意身体健康,0
要是男的穷得叮当响，还能有多少感情,1
亿分之一,0
这个黑姑娘漂亮啊,0
一看这个就没脑子的女人,1
快带走,1
这姑娘挺好看啊,0
回国干嘛，非洲不行，去欧美啊,1
贪,1
 媳妇打他[舔屏],0
 媳妇,0
怎么下得去口，看着都反味[捂脸],1
它祖上在地下要翻身了火了,1
好可怕[红脸],1
别回中國就行,1
不要再回来，,1
开始以为嫁的是酋长的儿子，可以变凤凰，却不曾想是狗�,1
大家不要被他带节奏，很多嫁去非洲都过得很苦的[捂脸],1
真痛苦,1
为什么会让她逃回来？,1
她真的好漂亮[调皮],0
我只觉得想嫁到非洲的那些人有病[泪奔],1
还怪好看的[可怜],1
新娘太美了[比心][比心][玫瑰],0
快回来，啵啵,0
活该的下场,1
被打被骂被当猪都是幸福的,1
生的小孩都是黑乎乎的，受不了[酷拽],1
不要回家,1
我也喜欢胖胖的,0
      这么好看？[泣不成声],0
你是谁呀，谁呀，谁关心你呀不认识别自做多情,0
校花又不傻，加油,0
都嫁过去把,1
还是爱东北爹系男友[舔屏]快来一个[猪头],0
这种是少数案例[暗中观察],0
直接脱离关系，要是我是女孩爸爸我不知道怎么向老祖宗交代,1
什么鬼啊这是[抠鼻][抠鼻][抠鼻],1
挺漂亮的,0
第二张他老公怎么睁不开眼了,0
活该[比心],1
   不要恋爱脑.[暗中观察],1
佩服你的点评，经典，精辟，[赞][赞][比心][比心][比心],0
拥有刘亦菲的一口牙,0
丢脸丢到国外了[捂脸],1
还真是美女，不太像非洲人，应该也是个混血,0
遇到任何困难请和我们联系，,0
生了几个小黑[捂脸],1
胡说八道 那为啥维密模特那么瘦[泪奔],1
外国人用了的东西，中国人不要啊，,1
彩礼房子车子都省了,1
 [尬笑][尬笑]可怕,1
慢慢享受[赞][赞][赞],0
  这不妥妥的恋爱脑[裂开][裂开][裂开],1
她看着挺好看的  应该是混血,0
死外面，别回来污染环境,1
这是用中国的审美找的吧[泣不成声]真漂亮。,0
不要推给我，自己的选择，怎么过是别人的事。,1
   她好美,0
这个颜值很漂亮诶,0
石头，你有姐姐或妹妹，也嫁给老黑一个嘛,1
这种是恋爱脑了？各位姐妹拒绝冲动！,1
酋长夫人难道,0
牛逼大了，[捂脸],0
看的好爽啊[看],0
别说嫁过黑人了，有跟黑人交往过都不能接受。,1
女孩子长的挺好看的。[赞][赞][赞],0
大姑娘上花轿，第一次啊......,0
人家是享受过程，你这是答非所问[看],0
希望别被虐死,1
中国男人都不会要你，为什么，你猜,1
明明是胖胖的手感更好[捂脸]因为我也喜欢有点肉肉的[捂脸],0
建议中国女人多多的去跟黑人结婚，问世间情为何物，一物降一物[灵机一动],1
该！该！该！,1
别回中国,1
不能苦逼,1
新娘为她祖宗十八代争光了[感谢][感谢][感谢],0
不喷，最多两三年就会哭着回来,1
那你就回来吧，收冷落,1
能不能给我也介绍一个黑妹 不要彩礼 长的还好看[泪奔],1
小鹿又换老公了,1
有些女人大脑就跟没发育一样,1
[看][看]放弃彩礼也不要,1
一个字，美。,0
活该[机智][机智][机智][机智][机智],1
 是不是这个,0
 老弟,0
挑战[捂脸],0
小孩惨了,1
如果是我女儿就当没生,1
我好开心啊作死,1
他晒黑了，也变胖了[捂脸][捂脸][捂脸][捂脸],0
这种女人回来也没人敢要，,1
恶心[图片表情],1
天天讲，听烦了，死好好，不同情。,1
200磅[发呆]夸张了吧,0
我爸？,0
回来吧，再怎么说也是中国人，一个人回来,0
广东的还是山东的[泪奔],0
  太狠了,0
应该让女拳师嫁给非洲就行了！,1
13.14可以,0
说这么多，不是你不想找，只是没人喜欢而已,0
好。,0
真羡慕这个姑娘，很多人都不知道她有多新服快乐，,0
出长沙的丑，化生子,1
评论区让我大开眼界[尬笑],0
好吃懒做怕苦怕累依懒性又强虚荣心又强，他不贪图虚虚，会有这样的下场吗！工程师也太管闲事了！,1
一句:爱拉扶油:就感动了中国多少女人。,0
那亚洲厕所是怎么传出来的[泣不成声],1
自己过的好就行了你别发出来恶心我们[吐][吐][吐][吐],1
我就想知道一点，大老黑给你彩礼么？给你买房么？给你买车么[捂脸]挣得工资都上交给你么？,1
哈哈哈哈 刷牙不呕 放屁不响 生孩子不疼,1
谁捡回来的谁养，一群好心人办坏事,1
中国没好男人了[捂脸],1
嘿嘿嘿嘿嘿嘿嘿嘿嘿嘿嘿嘿嘿,0
嘿很,0
    哈哈哈哈,0
她回来我直接[图片表情],1
会幸福，要加油,0
我就喜欢你这样瘦瘦女生[比心],0
成功整容黑人，如愿以偿啦[捂脸],0
龙的传人要变血统了，,1
"�����：[惊喜]
�����：[不失礼貌的微笑]
�����：[吃瓜群众]
�����：[惊恐][尬笑][再见]�
�����：[舔屏][色][色][色][舔屏]",1
多幸福啊，大啊,0
嫁出去了就不要后悔回来中国还要有房有车在国外不是她以前的梦想吗现在后悔又想回来了还不如在国外重新找一个,1
别回来是对的,1
还好我在美国不要骗人哦,1
你的视频从小看到大,1
你法学院为啥四年？谁能解释下不,0
谁说嫁中国人再嫁中国人可以接受,1
有这个想法这个女的就可以处理了,1
 怎么会有人想嫁给非洲人呢 不理解[泪奔][泪奔],1
39码的脚穿45码的鞋，那多难受[捂脸],1
喜欢普拉斯,0
哈哈哈哈哈哈，无语了,0
黑人很,1
这姑娘比美人鱼好看多了啊,0
不收垃圾,1
多余,1
咋像登贝莱,0
影响小区房价,0
嫁出去了女人 就要赶出国籍,1
腿还在摆[捂脸][捂脸][捂脸][捂脸][捂脸] [吐彩虹][吐彩虹][吐彩虹][吐彩虹][吐彩虹],0
新娘的后代从此不会再肤浅了[赞],0
为啥没有一点怜悯[看],1
如果是白人的话就不一样了[呲牙],1
该，这就是报应,1
这是非洲土豪的家,0
想骗我去非洲？！打死都不去[泪奔],1
就没看到你妈,0
严格筛查“涉黑”女性，不要传播疾病,1
讲出来干嘛 关我屁事 爱嫁嫁[尬笑],1
嫁鸡随鸡，嫁狗随狗。换个国籍，以后不要说是中国人就好了。,1
谁心疼你[捂脸],1
物质生活丰富，精神层面就没有那么丰富，所以很多富养出来的女的都恋爱脑,1
这种还好，至少嫁到非洲去了，以后也别回来了,1
开空调是什么意思嘛？,0
这种女孩不值得同情！,1
 [泪奔][泪奔]不笑你能看见我吗[泪奔][泪奔],1
求求这首歌[泣不成声][泣不成声][泣不成声],0
独女  名牌大学  怎么想的,1
女士，来弗罗里达吧，我可以保护你的安全。,0
乱说。她过得好幸福。,0
我呸，滚。,1
这鼻子，一看就是遗传妈妈的[泪奔],0
你爹妈真有眼光，真善解人意,0
干嘛要让其他国家的人喜欢呢[鄙视][鄙视][鄙视][鄙视][鄙视][鄙视][鄙视][鄙视],1
为什么刘月外国男朋友那么多,1
什么姑娘？不怕报应？,1
美国人让你发的这个视频？发一条视频给多少？,1
毛病,1
那个可真够防盗的,1
都是成年人了 心智健全要为自己做的傻杯决定负责[尬笑],1
说的好像有人在乎一样[笑哭],1
 这好惨,1
有车，老式二八大杠，有房，山沟沟的茅房～,1
好啊，看完饭都多吃了半碗,0
省不少钱[捂脸]婚后也没有这节那节,1
牛，去非洲淘金,0
她们现在很幸福,0
看着有包容[捂脸],0
女人真的不能听实话,1
七十岁老头也比黑家伙好看，,1
嫁你妹,1
中国没男人了吗，真无聊,1
还好我有媳妇儿，不然得气死！[捂脸][捂脸],1
不是介意，而是看不起这种人！,1
自甘堕落,1
开朗外向大方，不就是吗[看],0
 [困],0
嘴有点大  应该说的是假话,1
留学去广西[捂脸],1
哦呸,0
 我靠[泣不成声][泣不成声][泣不成声]随随便便就杀人了,1
男人守国，女人保血脉。,1
这是嫁给了非洲的豪门！,1
太对了，中国人不比黑人强,1
真受不了  [流泪],1
呵呵，自作孽不可活，去了非洲还指望中国人娶想什么呢！,1
你们喜欢谁，无所谓。但是国籍立即迁出。别混淆我们的血统,1
不以为耿，反以为荣,1
自己选的路请跪着走完,1
反正我是接受不了,1
只能说活该[调皮],1
这操作真的好。,1
测试反映那必须阳光彩虹小白马啊[流泪],1
不是有出来辟谣了吗，嫁给外国人能拿绿卡。为了绿卡打几顿算什么，房子彩礼车子算什么,1
男方家有矿，鉴定完毕[赞],1
信你？[捂脸][捂脸],1
当欺骗第一次发生的时候，就已经是欺骗了,1
 哈哈哈哈哈哈笑死我了，活该,1
只要你喜欢，找什么人都是你的自由！解释这么多干嘛,1
黑种人和白种人最搭配,0
颜值担当,0
连国内的男孩我都没识透，哪敢搞国外的[泣不成声]  ,1
不是被打成猪头了吗[流泪],1
有黑人老公的嗓子为啥都是哑哑的[熊吉],1
在非洲再找一个嫁了，求你了别回国好吗？,1
应该不是吃中国饭长大的,1
绝对不要承认，回来口径不一样了,1
掉色吗[泣不成声],1
在那呆着吧回来都配不上号了,1
靴大得找脚大的人来穿[捂脸][捂脸],1
国内毁三观的电视剧还少吗？别的不说最印象深刻的《家常菜》[抠鼻],1
这女人重口味,1
广西基因太强大了[泪奔][泪奔][泪奔],0
尺码原来38 进来个45的脚还穿了一段时间  你让我现在怎么穿？？？,1
以后孩子混血男的随妈，女的随爸,1
不是黑人好吗？这么会呢？？？,1
美颜是不是开大了,1
苦的日子在后面呢,1
我信你个鬼[泣不成声],1
安逸,0
[流泪][流泪][流泪][流泪][流泪][流泪][流泪][流泪][流泪],1
别狡辩了[看],1
为什么推给我看？跟我有半毛钱关系吗,1
以前有个人教训还不够，又来一个,1
[酷拽]最好打个印，别让中国人踩臭屎坑,1
比评论区的女的基本都好看[呲牙],1
你在哪里？我要追求你,0
 [震惊][震惊][震惊][震惊],1
多苦多累自有自知,1
正傻希,1
为什么会找中国结婚，外国怀孕别人不要你了，你不找中国找谁啊,1
           这太美了吧哥们,0
自豪个屁，脸都丢到脚后跟了[捂脸][捂脸],1
会新福,0
这是个例中的个例,1
直接举报,1
其实这是人家家里事情，我们外人又没什么好说的，我只建议嫁鸡随鸡、嫁狗随狗，希望他们把国籍签过去，在非洲老家好好过日子，有机会再回来旅旅游。,1
大鹅怎么叫[捂脸][捂脸][捂脸],1
苦了自己不能哭了逼,1
好受的时候告诉谁了,1
赶紧答应，但不要影响我国的正常人,1
爽不爽[捂脸],1
恶心死老子了,1
黑人和美国人，有什么关系？,0
我记得被大老婆抢了。那边黑人有几个老婆的,1
只要嫁了，跟着他走别留在中国，甚至可以祝福你们,1
广西是不是都大嘴唇[呲牙],1
我觉得都是成年人了，应该要为她当年的选择买单,1
抖音也快废了吧什么都推,0
都吃胖了！那得多幸福啊！还是不要打扰她,1
讲的啥[泪奔][泪奔],0
她很漂亮哎,0
炫耀什么？喜欢大码的就跟他回去，以后都别回来了，以免让你爹妈抬不起头来！,1
为中国男人点赞[赞],0
好与不好都是你自己选的,1
[鄙视][鄙视][鄙视][鄙视][鄙视][鄙视][鄙视][鄙视],1
千万别得上传染病回来呀希望我们中国女孩自尊自爱自强,1
一人走跟前吐口口水,1
上海光头白人比赛和一百个中国女人舌吻。上海女人等男朋友下机，老外说这是我们之间的秘密，还真舌吻了。,0
有啥好炫耀嘀呢,1
不要劝她让她嫁到非洲这样就不用祸害人了,1
[呲牙] 骗自己呢？,1
已经不是中国人了，不要了,1
你是不是嫁回中国，娶一个去，嫁一个回来，为了中非友谊，让我来,1
这女人太可怜了，救救她，我看了心痛,1
没说实话,1
不是不接受 是堵不上！,1
好羡慕你哦。[捂脸][捂脸][捂脸],0
 草莓尖尖 子弹应该打光[微笑]，拿菜刀把头砍下来当夜壶[看],1
人家的家具好,1
反正别回来中国害人就行了,1
终于成了“海龟”[捂脸],1
任性的代价,1
看着脸型果然像广西人,0
酋长夫人哈哈哈,1
很邻家女孩[玫瑰],0
父母辛辛苦苦的送你去读书，高学历，就是为了远离父母[捂脸][捂脸]父母早知道这样，还不如不送去读书，越活越回去了,1
回来了吗,0
我就想问你这个视频，想干什么？想让中国女生都嫁过去吗？,1
别回来了，就跟着爱情走就行了,1
跟我一点关系都没有,0
活底,0
看见牙齿已经……饱了[捂脸],1
确实牛逼,0
记住这张脸，以后被甩了，国内男士可以避坑,1
你们不骂她 我可要骂你们了,1
死外边别回了,1
非洲什么病都有太可怕了，现在的新冠病毒变异就是从哪里传出来的,1
挺好,0
他在我对面我保证删她,1
自己的选择。自己承受。发出来想干嘛,1
这个老公思路清晰,0
没必要为她浪费流量，估计也没多少人关注这事,1
活该！中国好男人多的是，你偏偏买国投暗。,1
视频已发请总部支援[流泪],1
以后少宣传这种东西[暗中观察]我感觉不不配那五十万。,1
你就在黑人混呗,1
 有志,0
优秀的孩子都是来要债的，跑那么远，生坏肠头哦,1
有什么好悬耀的，只感觉你儍？,1
草,1
[疑问][疑问][疑问][黑脸][黑脸]外星物种,1
哦豁不算不忠,1
民族:汉[流泪],0
活该[发怒][发怒][发怒],1
卵份,1
多少都觉得有点埋汰[捂脸],1
这样的女人是不撞南墙心不死的！,1
 517 [疑问][疑问][疑问][疑问][疑问],0
还没死 还是大卫的人[微笑],1
   长眼界了,0
只要别在中国就行了，去非洲吧！,1
让这女的去非洲吧，别回中国，她肯定会很受欢迎,1
就是太溺爱，从来不舍得说，那些心灵鸡汤此时能帮父母制止孩子做的傻事吗,1
洗的真白 哈哈哈 [暗中观察][暗中观察],1
挺好的,0
[呲牙][呲牙][呲牙]幸亏在美国生活了三年  不然被你给骗了………,1
前世是毁灭了银河系嘛！刷到这么恶心的视频,1
去非祝好,1
看这房子就知道不简单[呲牙],0
导演是非洲人吗？[捂脸],0
别解释了[捂脸],1
嫁了，就别留国内，去非洲享福去吧。,1
这黑人挺白啊,1
确实挺好的跟着爱人回去建设自己国家我挺佩服这种女人,0
这不过得挺好的   都胖了[看],0
很漂亮[呲牙],0
中国小仙女终于过上了梦寐以求的美好生活,0
还是要十八般武艺才能出国,0
成为我的膝下亡魂吧,1
这一次彻底变成真牛逼了 [笑哭][笑哭],1
扇,1
评论区太多人不看看自己的长相，不看看自己的地位，不看看自己的口袋，一天到晚贬低他人，，我想不通谁给你的勇气？？？你是贵族还是地沟油吃多了？？,1
这是哪个导演拍的[尬笑],1
嫁老外得收国家培养税，消户籍。,1
打完样子跟她老公差不多,1
这是想洗白吗[捂脸],1
太可惜了,1
输在跟上了没法比,1
都这样了，你还嫌弃他穷？,1
我们闽南人结婚喜欢带金器[捂脸][捂脸][捂脸],0
支持国产。,1
这媳妇也是个茬子,1
别洗白他们了。现在很多人不喜欢黑的 尤其是男的,1
记得要彩礼要房要车[捂脸],1
别教中文，中华民族不需要黑色皮肤,1
重口味！,1
别劝她[暗中观察]让她去[看],1
真踏马的给中国人丢脸,1
第一眼一看 就感觉有广西基因 果不其然[捂脸][捂脸][捂脸],0
舔狗啊,1
还有脸说是中国人,1
这就是光宗耀祖的下场，不值得同情。[捂脸][捂脸][捂脸][捂脸][捂脸][捂脸][捂脸],1
有所得必有所失,0
果然越来越夫妻相,0
她妈的你这是没哭啊，炫耀你幸福吧，哭的时候都找不到北,1
虚荣心呀,1
别人不要的我们也不要。都不干净了。,1
泛滥成灾,1
20岁不上学了吗？,0
别推这些，她是成人自己选择的路,1
不要这样说，有些还是很香的,1
俩牛逼,0
有没有女孩子能相中我，来个吧，求求，我想结婚了[泣不成声][泣不成声][泣不成声],0
"呼叫警长，我要报警，有人偷走了我得巧克力[流泪]
                                地点：广州",1
自己选择？为自己的行为买单,1
那些满口嚷嚷着自由 叫嚣着爱情无价  只是一个肤色问题就要给人赶出中国 不矛盾吗,1
你做梦，真当中国男人傻吗？,1
真心不支持！，,1
你在找中国人估计没有人要你,1
哎呦，夫妻相偶,0
这黑人长得还好吧[尬笑][尬笑][尬笑][尬笑]不属于奇形怪状那种的[捂脸][捂脸][捂脸][捂脸],0
我们不是收破烂的,1
吴子安就很黑[捂脸]但是很可爱,0
"又一个光宗耀祖的
[捂脸][捂脸][捂脸][捂脸][捂脸][捂脸][捂脸]
换国籍跟他回灰洲吧！",1
罪过罪过。,1
一说中国嫁到非洲，我就想到陈怡这个故事了[尬笑],1
她家祖坟冒青烟了[赞][赞][赞]光宗耀祖[赞],1
户口抓紧迁走哈。,1
做美国黑人媳妇挺好的，在那边一定要幸福哦，别回来,1
格局,0
因为想倒贴，别人不要才找中国男友的,1
[比心][色],0
我要是没看过美剧，我就信了,0
人各有志,0
没白活一回[捂脸],0
伙计们我被包围了请求支援 布莱克 警号9527   警号1667  警号9527  威廉姆斯 警号:3763  队长 金 警号07    警号0126  乔治   莱斯·布鲁克（专业农具批发）    警号0427  拉塞尔警探 警号520     美国 德克萨斯州 吉莎警官         警号10086   (扫黑队队长),0
 [流泪]摁了,0
好像越来越有夫妻相了,0
活该！不直得同情！沒吃到苦，这些瓜婆娘是不知道苦在那！,1
下次发，能不能发正面？,1
真没看过[疑问],0
开除,1
好黑，好强壮哦[鼓掌][比心]祝福,0
在中国二婚女人比一婚女人都抢手！,1
推给我干嘛[看],1
 大健,0
回来吧[呲牙]嫁个老头应该差不多,1
主要是特别想吃苦[呆无辜],1
鞋子撑大了，不跟脚了。[捂脸][捂脸],1
生活质量明显上来了都吃胖了呢[调皮],1
我们龙子是这样的��,0
中国基因打败了非洲基因，不容易啊！强悍！[赞],1
嫁出去了，你还回来干什么。不值得同情。,1
记得不回再回来了,1
安哥拉官方回复，说是造谣,1
哪怕小孩是个国产的， 黑的会被笑话的[泣不成声],1
实在接受不了黑人。。。,1
救它干嘛呢，多管闲事，这种人你就应该让它这样,1
这不是早晚的事嘛！失联。。。,1
这些导演其心可诛,1
   离谱,1
差别太大了,0
这女的不纯属自找吗，真的给我笑了,1
肯定不要，,1
在非洲，有很多被遗弃的黑黄混血孩子。,1
我,0
学白上了吧[流泪],1
跪[看],1
 我靠[泪奔],1
驴比这老外更黑,1
一个字，该,1
这妞说她广西的我也信[捂脸],0
活该！没长脑子，中国人的生活让她太安逸了，她想找刺激[呲牙],1
生了5个[不失礼貌的微笑][不失礼貌的微笑][不失礼貌的微笑][不失礼貌的微笑][不失礼貌的微笑],1
正当防卫，无罪,0
活该，以为嫁给外国人就很好,1
 [绿帽子][绿帽子][绿帽子],1
还是到非洲去生活吧,1
头脑发热自做自受,1
原来会说爱拉服油就好了呀[看],1
到时那女的会发现,0
日子过的不错，不要再回来了,1
 那么搞笑,1
嫁鸡随鸡，嫁狗随狗要对自己有信心加油…,1
希望你以后不要再回国了，谢谢,1
过得好坏有什么关系呢，自己选择就要自己承担后果,1
古人不给女人地位是对的，完全给女人自由会有很多问题，因为她们缺乏国家感，民族感，历史感，很容易情绪化，你给女生讲国家和历史超过两分钟她就反感你,1
 啊，你被打了,1
古代只有战败了女人才这样,1
37的�被47的脚穿过[捂脸],1
男人守国门��女人守血脉��,1
没事！国外没事！自己喜欢就好,0
这个妈妈基因强大的，其他兄弟姐妹也是这个肤色吗,0
明星李玟嫁给老外连命都丢了[流泪],1
嫌恶心�,1
为啥推现这个给我看[看],1
不是嫁狗随狗吗？没去非洲？,1
总觉得哪里有点不对,1
 我把3个视频全看了，跟你说的那个恋爱脑一样,1
对，我这么老也不接受这样的女人,1
别分手了，,1
都有走错路的时候[比心]救救这女孩[比心],1
此女活该活该！,1
就这种样子，还想有房有车，有个男人就不错了，感觉这种女的能不能传宗接代都是一个问题[微笑],1
应该当着她们的面说 看看怎么回答[看],1
等你以后男友来说,1
我想说一下 你自己选择：怪谁：自己担责任了,1
嘴都玩歪了,1
 [看]哈哈,0
我感觉一点都不好，月饼还得自己做,1
还是那句话觉得幸福你就去嫁[憨笑],0
一看就知道婚后生活很幸福，越来越有夫妻相了。,0
      打呼噜[暗中观察],0
不疼吗？会很疼的吧[捂脸],1
出去了就不要回来嘛,1
喜欢白瘦的不是中国男人，是中国女人喜欢白瘦…,1
天作孽犹可活，自作孽，不可活,1
希望能改成他们的国籍…,1
不知道她老公有没有给彩礼,1
嫁出去嫁出去,1
染指华夏血统，没什么羡慕不羡慕的，我单纯就是视,1
  超可怕[衰],1
房子都很广西,0
自己找死，谁都救不了他,1
没人要他吧！！！,1
要不是我表姐嫁去美国，差点就信了,1
幸不幸福不知道，但我知道。要死会死的很惨。[捂脸],1
别闹[捂脸],1
就应该永远别回来了,1
重口味！别恶心了别人[捂脸],1
奇葩，丢人现眼,1
别回中国就可以啊[飞吻][飞吻][飞吻][飞吻],1
不同情。希望10年后别哭着回国就好。,1
这女的真光宗耀祖呀！,1
活跃,0
真的牛逼！[看],0
看这姑娘的外貌，改善了这家基因,0
好漂亮哟[赞],0
一大早刷到这个？心情不好了,1
洞口有回音！,1
我日，怪不得醉这么大,1
要为愚蠢付出代价。,1
还是这些女人好[捂脸][捂脸][捂脸],0
哈哈，还是谨慎点吧[捂脸],1
我有一个问题[泪奔],0
主要是男人心里会自卑,1
血淋淋的教训，比比皆是，但是还有很多姑娘们前赴后继的走向这条不归路,1
这是哪个智障拍的电视剧[微笑][微笑][微笑][微笑],1
是不是东北人[捂脸],0
看来父母感情确实好，这女儿的表情神态，幸福的童年[赞],0
安心在那边生活吧！,1
她说她廋？[泪奔],1
干嘛跟非洲的混血真的欣赏不来，跟白人的都很漂亮,1
~[泣不成声][泣不成声][泣不成声],1
好好待在外国，不要回来祸害国人。,1
中奖了[捂脸],0
很自豪的模样,1
确实是真有艾祝福,1
所以是因为他们不要,1
两百[泣不成声][泣不成声],0
[鼓掌][鼓掌][鼓掌]楞着干嘛 鼓掌喝彩啊,0
学会知足，有失有得,0
国外的是不是威力太弱，开了这多,1
囗味太重不可怜,1
眼睛细长,0
黑哥的三件套泡酒嗷嗷滴！,1
她的没有抖音号吗？？,0
勿贪一物之长，而招百病之痛，白到发光的不要，非要找个晚上看不到人的,1
门上的铁杠说明了一切,0
[捂脸][捂脸]人才啊,0
[心碎][心碎][心碎],1
[鼓掌]中国都不够用[捂脸],1
到处留种也是本事[流泪][流泪][感谢],1
 [绝望的凝视][尬笑],1
遗传的大鼻子[捂脸],1
我要,0
几千年还是部落不是没有原因的,1
[捂脸][捂脸]哭都没眼泪,1
好，美,0
漂亮[玫瑰],0
应该鼓励她[哈欠],0
不收费品[捂脸],1
            不是我双标，中国女人要求这么高，谁娶的起[流泪][流泪][流泪],1
那就去非洲呀，留着干嘛呢,1
别管别人怎么喷 自己喷高兴就行,1
[咖啡],0
这么大没人喜欢吗？回来吧，大把男人抢,0
郎财女貌[捂脸],0
病也比多数男人多。以后的家暴呀，什么的,1
这两个小黑孩有多丑你们没有看到吗,1
对对对 多发点这种视频给她们多嫁过去[看],1
回来谁敢要？谁知道有没有病,1
    [捂脸],0
可以话佢大食冇[捂脸],0
决对幸福[呲牙],0
我想见你妈妈[呲牙],1
好！你只要别回来都好！嫁出去的闺女，泼出去的水！水往低处流,1
    好漂亮,0
都是为了。什么了,0
丢武大的脸！[捂脸],1
我不信你没男朋友！,1
南非还是比较发达的兄弟们[捂脸],0
想谈就谈呗，随心，随性，随愿，随缘，随便，……,0
一解释就说不清了，有就有直说,1
肯定骗不到我[捂脸]，我嫁到安徽都不愿意去把老公拐到陕西来生活[大笑],1
爱踏马找谁找谁,1
你争光了[赞],0
早晚的事    迷途知返为时不晚,1
这个女人有后悔的时候！,1
不了解一个女人的过往，千万不要盲目交往。,1
有多远滚多远，碍眼,1
这就是你想要的生活,0
这种女人不值得可怜，咎由自取,1
我同意。一个字。。该,1
怎么想的竟然嫁非洲，死了都没人知道,1
这个女孩是正确的,0
喜欢玩,0
可笑吗 中国的女人们 哈哈哈[看],1
最先喜欢的不得了，现在受不了了，以我来说就是贱,1
我昨天不是告诉你答案了吗？,0
支持国女外嫁！,0
爱个香蕉,1
中国人还不够开放,0
我很疑惑一个贫民窟出来的黑人，他是怎样骗走一个受过高等教育的人的，由此可见人格上的完善和认知不是用学历来衡量的！,1
 你看看人家,0
符合中国人的审美观[赞],0
看年龄不大是的,0
你拉的应该很大条了吧[看],1
有未婚妻还生了孩子[尬笑],1
不看你们喷谁对谁错，就看有几个女的在评论,1
这要在国内，就是你为啥要开门的结局了,1
活剥！！,1
娶回家了就要好好疼爱哦！嫁过去了就不要跑了哦！永结同心[送心],1
大家还是要多转发一下的[呲牙],0
黑的有好东西？？,1
那黑人可以娶那么多老婆吗,1
[吐血]评论区怎么跟两个月前不一样了呢,0
 赶紧的 问你同不同意呢[玫瑰][玫瑰][玫瑰],0
一看就有中国基因,0
你可不瘦，特別不該瘦的地方,1
请不要带来中国，中国人口太多了，你们就在外国生活！,1
好！好！好！,0
吃的黑黑胖胖的,0
这姑娘长得漂亮好不错[赞][赞],0
在国内被入室殴打可以，拿刀无限反击吗,1
去你老公的国家，别回来，别发抖音，你这样发抖音，我真怀疑你用心不良,1
鞋扎大了，再也没有适合的脚了,1
算了吧  都碗那么宽了,1
这下有夫妻相了,0
困扰多年的扁桃体炎和便秘治好了[呲牙],1
如果是嫁个中国人彩礼会要吗，房呢，车呢,1
让我来猎杀这些黑暗中的牛头人[酷拽],1
但是人家一个月有三奖学金啊，你怎么说,0
支持真爱，但是请把国籍迁出去,1
人剑合一最高境界,1
 男人的嘴骗人的鬼,1
这样说活该,1
不感兴趣,1
她可怜吗[捂脸]人家不要父母都跟男的跑了。她父亲还为她死了，如果这是我孩子，嫁吧户口一撕，从此她就死了，让她回家，还接她。不好意思不可能,1
这个可以，只要是好女人都可以。不一定非要在中国找，,0
山西为山东扳回一局[赞],0
人家也没想让你做女朋友啊,0
拿出一本中国护照 冷锋会来接你回家      ,0
这部剧拍的好啊，可以参考陈怡，在国外多潇洒每天都是纸醉金迷，奢靡的生活让她父亲死了她都不回来,1
我不信，那为什么美国的各种电影电视剧女主都是又瘦又漂亮的[大金牙][大金牙][大金牙],0
美女图啥呢图你身板结实吗那你祖宗会找你的,0
好美的女生,0
没锁你喉么,1
说真的你在外面，没吃过羊香肠？你自己也不信吧？,1
建档案,0
这女孩做错什么了吗对你们造成伤害了吗，要你们转发网曝[流泪][流泪][流泪][流泪][流泪][流泪][流泪][流泪][流泪][流泪][流泪][流泪][流泪][流泪][流泪][流泪][流泪][流泪][流泪][流泪][流泪][流泪][流泪][流泪][流泪][流泪][流泪][流泪],0
我也是，我也想娶一个又漂亮又骚的洋妞,1
有个嫁到非洲，被活活打死,1
别发这些，误导国人，非我族类，别霍霍我们中国姑娘,1
我就喜欢你。,0
知道就好,0
天啊，生五个,1
都有味了，而且各种病毒，谁敢要？你能活着你命大而已，不代表国人百毒不侵[泣不成声][泣不成声][泣不成声],1
好想要,0
天黑根本找不到[捂脸][捂脸][捂脸],1
那吃多一点[看],0
雪茄烟抽上隐了捅的心花怒放！不亏呀活该！,1
 这要是在美国你就是国花,0
活该，叫花子讨米，,1
以后就过去生活我就祝福你,0
中国的男人难道就不会赚钱过日子吗？[捂脸][捂脸][捂脸],1
真正的黑历史,1
合该，不值得同情,1
感觉有点帅[泪奔],0
这种女人太恶心,1
一身病回来了,1
在这个国家它们只要勤劳，就会有耕不完的田，就算累死也耕不完,1
有车有房谁缺呀[流泪],0
这是西班牙裔,0
这只是凤毛麟角,0
国外待久了眼睛都会变吗,1
张口就来[斜眼][斜眼][斜眼],1
[鼓掌][鼓掌][鼓掌][鼓掌]我不知道为什么不会同情她,1
跟他滚[微笑],1
我感觉大家应该少点恶意，多点杀意[流泪],1
她是有钱比男的都强势,1
只要不在我们中国，去哪都祝福他们。,1
突然感觉不管哪个国家，越有钱的越懂得爱老婆，越穷的越对老婆不好。,0
原来大家在意的不是肤色而是颜值..,1
去非洲？？？？,1
[鼓掌][鼓掌][鼓掌],0
我光看名字以为是一部拯救拐卖妇女的片子[熊吉],1
好羡慕[感谢][送心],0
没感觉,0
去吧非洲大别墅等着你,1
还武汉大学 书都读到哪里去了,1
都是聪明人,0
 性别一换，骂声过万[调皮][调皮],1
为啥要开门呀[泪奔],1
工程师救了女孩后，知道真相后决定不救,1
祝她心想事成！,0
不开玩笑，让他去演美人鱼吧,0
  [送心][送心],0
艾就一个字，我滋说一次[,1
死定,1
[吐][吐][吐][炸弹][炸弹][炸弹][敲打][敲打][敲打],1
[捂脸][捂脸][捂脸]打得好,1
它们没有钱来中国怎么消费的,0
活该活该，,1
通透,0
支持国货不香,1
结果呢！,0
我看了一点都不觉得可怜，,1
去建设非洲就行了,1
你说的不对，美国人看不起中国人,0
有就有没有就没有，还绕这么一个大弯子，最后也没有否认[抠鼻],0
自由合法，不评价。但是不准带病回来害同包，谢谢,1
碗里盛过猪屎，没法用了,1
非洲？请说出具体位置,0
吹的好[呲牙],1
我很想认识这位英雄妻子,0
最好永远别回来，顺便也把中国户口注销了,1
男人守国门，女人该做的就是血脉的延续,1
这个刷到过,0
我觉得你的骨架挺大的，身材也好。,0
那么恶心的玩意，你怎么会看上真重口味,1
黑人真是太棒了,1
   笑死我,1
哼,0
这不是很黑,0
要不是我也在美国我就信了[呆无辜],1
[绝][绝][绝]我喜欢,0
小仙女们别信要相信你们的黑宝贝[微笑][微笑][微笑]快根他们走吧[微笑],1
肯定会幸福啊[呲牙],0
这不是容易女孩吗,0
真的好漂亮  长得太好看啦,0
祖坟上冒黑烟了[捂脸],1
很多老黑在非洲有老婆的    我国某些女就是爱,1
这是非洲，家具是怎么运过去的[看],0
这是极少数中的富裕家庭。大部分不是这样的[捂脸],0
又是留学[赞][赞]牛逼,0
在非洲胖了 每天吃喝玩乐 没睡好都有黑眼圈了[捂脸][捂脸][捂脸][捂脸],0
哇塞她还要有车有房的[看],1
每家都有枪有点危险,1
呸[吐],1
想嫁的嫁出去，别招进来,1
能不能发别的省,0
门栓[泪奔][泪奔][泪奔],1
怎么想的 没看之前那个视频吗 下场惨,1
芭比,0
伙食不错都吃胖了,0
 当时看这个电影给我笑死了[泪奔],1
什么人，给我们带来什么了？,1
谢谢你 大家中国朋友    [一起加油],0
谈，必须谈。好好的过去，加油，最棒的。知道不祸害我们[赞]，鼓掌,0
是不是不耐造[看][暗中观察],1
活该，纯纯活该。,1
你说一个装过大象的箱子回过头装老鼠，老鼠怎么想[捂脸],1
正常中国人都开一指一指半，你开三指三指半的，谁要,1
吃的挺好  胖乎乎的,0
用完就丢[笑哭],1
国外都配枪嘛。这个房成了凶房,1
这女人一般的男人耐不活[捂脸],1
该[微笑][微笑][微笑][微笑],1
真孬头,1
那么胖伙食肯定很好���,0
 [裂开][裂开][黑脸],1
还是被黑化了！不羡慕！,1
您也是出过国门的人,0
该，不作就不会死,1
 모두�� [感谢],0
该死,1
别啊，中国男生配不上你[看],1
能嫁个白人最好，,0
应该把嫁过去的女的国籍给注销了,1
这样的女儿不要也罢。祖宗的脸都被你丢了,1
[胡瓜][胡瓜][胡瓜][胡瓜][胡瓜][胡瓜],1
长吗[捂脸],1
中国男生有彩礼,0
活该，好开心[白眼],1
这不挺好吗？无忧无虑,0
你不要诽谤非洲人，也不要吓唬小姐姐，应该鼓励他们，爱情无国界。,1
"向她这样，只会让她家人在左邻右舍邻居面前没脸见人，或者只是这个女孩想尝尝“新""？！",1
快回来,0
这么丰满还瘦呀[呲牙],0
你还瘦,0
真的有就太恶心了,1
入乡随俗了一样黑了[大笑],0
  我张佳丽老公以前是三级跳运动员 正儿八经的体育生,0
不值得炫耀和提倡！,1
我可能有刻板印象，总感觉黑人很暴力[泪奔][泪奔][泪奔],1
做错了就要付出代价,1
是不是为了配合山西这个名号,0
活该，活该，报应[弱][弱][弱],1
男人守国门，女人守血统。这是一个民族的脊梁！,1
在外国就别玩国内的抖音，在国外了还要恰国内的米吗[流泪],1
无耻！极端的无耻,1
不得不说口味真重,1
爱情无国界，不管是黑还是老帮子，只要是漂亮国户口就行。[捂脸],1
那你告诉我为啥德文布克喜欢詹娜，就应为他身材好，[微笑],0
导演其心可诛,1
这部电视剧是怎么过审的,1
又黑又粗,1
吃饱就陸，到生不住七八个,1
[色]你这样我喜欢,0
哎哟白雪公主，配黑马王子，绝了[捂脸],1
所以她妈妈在哪里,1
带上她回非洲好好生活[感谢][感谢],1
你这样的肯定会受欢迎,0
接受回来，但是她回国就行了，其它就算了,1
跟老外谈爱情[灵机一动]跟国人小伙谈金钱[灵机一动][捂脸][捂脸][捂脸][大笑][大笑][大笑],1
这是晒黑的吧，像中东那边或者巴基斯坦印度那边,0
我就不喜欢那种黑不溜秋的[捂脸]外貌协会的[偷笑],1
没事，咱喷咱的，她喷她的！,1
"暑假工：一天就10块[猪头]
1.陪聊
2.情绪垃圾桶
3.叫醒服务（可能起不来）
4.每天道早晚安
5.可以一起打游戏王者铲子[流泪]听你吐槽
女孩子[送心][送心]",1
  �[机智],0
垃圾人做垃圾事,1
    汤,0
劝什么？？？没必要！祝福就好,0
嫁，必须嫁，这种问题还要问吗,1
看样子是走不了路了，,1
妳就别秀了，能过好自己再说吧,1
好假[看],1
喂不饱根本喂不饱,1
我建议你[捂脸]还是在在嫁到非洲去吧,1
光宗耀祖了[感谢][感谢][感谢],1
还要有车有房，这么说吧即使没车没房，只要是一个正常的男人，结婚后都不可能让你受那些苦，而且我说句庸俗的话，你都已经跟那个非洲人那什么了，还生了孩子我觉得绝大部分的男生都不会解释[看][看],1
你信不信我举报你,1
  大鱼 ,0
祖坟灌气，恭喜嫁了条黑鱼，哭的在后来，不要高兴太早,1
俩字活该,1
坑太太,0
拜金,1
哎哟，嘴巴挺大,1
愿你永不回头，继续撑,1
这种货不能留在国内,1
我感觉外国男友挺好的的呀？她原来那么多臭毛病，现在都没了[呲牙],1
这是你们亲戚，[捂脸],0
我靠我就叫玉萍,0
你不担心就好，没谁担心你,1
我进你主页是为了拉黑！,1
快点快点长沙人,0
什么色 都有,1
嫁给非洲的陈怡最惨了！,1
我喜欢丰满的，不喜欢胖的,0
不可怜，中国有那么多好男人不能嫁吗？,1
与人类无关的新闻，以后不要发出来,1
五个，好恐怖[流泪][流泪],1
好使[看][看],0
太有夫妻像了,0
老外都受不了中国女人了[捂脸][捂脸],1
我就不明白了 你别跟同一种文化的中国男人你都合不来 ，你怎么觉得你会和一个文化生活习惯都不同的人合得来 ，就单单一个 你愿意接受他不赚钱养家吗，,1
人也变了像非洲人了,1
很好吖，都长胖了不少,0
 严,0
视频里看到新郎了[看] 一个戴眼镜的胖胖的男人,0
注意身体,0
他以后朋友亲戚都没有，,1
作者有子女吗，希望长大后能嫁到非洲[呲牙],1
  看评论都是女孩子会乱叫，我觉得大部分都不会，出现这种完全很多女孩子都会像视频一样,1
如果真的被骗，那我不嫌弃，最少她诚实的告诉别人,1
还回来干嘛，？,1
在非洲那里不好,1
反正对自己负责就行，能拉就拉，无能为力的就算了。,1
非洲基因就是强大[赞],1
并不影响 出去看妹纸 撩妹子[思考][思考],0
找她干啥,1
过瘾[打脸][打脸][打脸],1
你的勇气可嘉,0
这都不是中国人，有什么好发的，无聊,1
68年出生诶，独生女[泣不成声],0
哪个国家都有好男女人[吃瓜群众][吃瓜群众][吃瓜群众],0
祝福她，回头是岸[呲牙],1
赶紧嫁了吧，多好的机会。�,1
防卫过当啊[看][看][看],0
嫁过去不回来没什么问题,1
应该祝福她，让她嫁到非洲去,1
肤色不肤色的不重要，漂亮+运动天赋才重要,0
   [震惊][震惊][震惊],1
自作自受吧,1
这个应该是靠近亚裔地区的，符合咱这的审美,1
华裔吧,0
我日，原来结婚时间长了真的会有夫妻相,0
这只是个例,0
日子才不想过的这么苦逼,1
看这个�，我觉得你也不瘦啊,0
还是有要求嘛，有房有车就可以，人家日本女人现在不打女拳了，只要男方不家暴就可以,0
      [疑问],0
这基因[泪奔],0
中国是没有男人了吗[流泪],1
别管她们嫁什么人，只要嫁出去，以后别在嫁我们中国人就好了[看][看],1
可能外国人给的彩礼比较高吧,1
大家认真看，嘴都变形了[捂脸],1
   人傻了[捂脸],1
新世纪和亲,0
这个妈妈遇到了好人[泪奔],0
 笑起来好美[色],0
太脏,1
不是内敛害羞，是闷骚型比较多[捂脸],1
没进化似的,1
我演黑人可中[呲牙]？,0
倒贴都没人要[赞][赞][赞][赞],1
在我老家，有枪就坐牢了,1
看看法国，就知道了……,0
明天我要去挖煤,1
干的漂亮。重点是美国人。。美国人。。美国人。。,1
"我们湖南人就是这样的捏，我们最喜欢黑人辣[大笑][大笑][大笑]
昨天22.39                 湖南",0
不以为嫁外国人耻，反以为荣。这人三观不正！,1
学英语[泣不成声],0
要是女的嫁给非洲人，评论区不会这么友善的哦，所以善良的还是女孩子，我看大多女孩子都是在祝福,0
东嫁西嫁，嫁个毛,1
  今年第1次这么无语[尬笑][尬笑][尬笑][尬笑],1
我去美国的同学。女孩儿基本都有男友。男的基本回国,0
都被玩残血了，谁敢要,1
你被骗是你的事关我们中华好男儿什么事？凭什么要捡被黑嫌弃过的破烂[吃瓜群众],1
给她点红心，就说是越南的，不是广西的,1
你把墨汁滴在清水桶和玉米糊糊里试试,1
华夏是四大文明古国之一，炎黄子孙传承五千年，拒绝混淆血脉[微笑],1
你啥子时候想起切隆的胸。哪来的这种想法[捂脸],1
我现在涂上鞋油还来得及不？,1
爱嫁谁嫁谁  关我屁事  老刷到这种没用的视频  怎么才刷不到这种没用的视频,1
不同意,1
这个是幸福的人[呲牙],0
美人胚子，什么肤色都好看。关键人人平等,0
家伙厉害[灵机一动],0
我觉得是傻逼行为，不要喷我，个人观点[泣不成声],1
评论区说的对极了！要不然你把他收了得了。,1
这些嫁非洲女孩一定要留相片。以后二婚可别祸害我们国家的男同胞了,1
关键不合用了[呲牙][呲牙][呲牙],1
老妹呀，听哥一句劝，不要贪一时之爽啊，老了憋不住屎尿，护工是真打呀,1
瞎说吧，可以加中国彩礼还可以要15万,1
你心疼你把他领养了吧？,1
  弄锤子呢,0
有她后悔的一天,1
这样优秀的女孩子[白眼]什么样的找不到[白眼],0
好样的，国内小姐姐的榜样,0
你赶紧答应他，跟他回非洲生活。,1
拿个袋子，我想吐,1
除了特别肤色，就是漂亮了[赞][赞][赞],0
还有脸要车要房？,1
你哪里瘦[震惊][震惊][震惊][震惊],1
挺好看的呀,0
好好看啊,0
无语吧,1
尊重她们命运，在一起在一起嫁鸡随鸡 嫁狗随狗不要再回来。,1
[看]现在好多底层女就这样吗,1
请烂在外面[呆无辜],1
便秘治好了,1
亿万分之一的概率好,1
蚂蚁嫁给大象了，回来狒狒了,1
嘴巴都变型了,1
以后可别哭,1
活该[尬笑],1
很好最少人家去非洲生活了。就不说啥了,1
天呐，这假新闻，官方早就辟谣了，别再传了好吧。,1
只能在中国混吃混喝,1
说半天也没看到她妈妈,1
 ⁄•⁄ω⁄•⁄ ⁄) [看]还真有,0
多恶心人,1
嫁到非洲[吐][吐],1
打败你的不是天真，是无鞋,1
有病毒,1
这个不能不说，长在审美点上了,0
不要弄回来了。带病毒的那种,1
无所谓,0
一刀超过肚脐[捂脸],1
还有一些女生喜欢混血小孩就找个外国人，,1
[鼓掌][鼓掌][鼓掌][鼓掌][鼓掌][捂脸],0
变“牛逼”了[捂脸][捂脸][捂脸]那个敢接手[呲牙][呲牙][呲牙],1
喜欢非洲的活该吗不是,1
 很舒服吧应该[舔屏][舔屏][舔屏][舔屏],0
请不要误导中国的女生,1
同球不同轴,0
有黑人没有便秘,1
屁，我看见西雅图的，身材都是[求抱抱]超好,1
这一对.在米国来说也算可以的了.[看][看][看],0
活该，不要帮这种女人[捂脸][捂脸][捂脸][捂脸][捂脸],1
黑人本性难移[不失礼貌的微笑],1
 [泪奔][泪奔][泪奔]以后我也这样[泪奔],0
喉咙出来[泣不成声],1
给你祖宗十八代争光了，你愿嫁就嫁吧，炫耀什么妮，不骂你都不行,1
喜欢就跟他回去[微笑]别回来了[微笑],1
没回中国就点赞,1
就这还想挑挑拣拣的！,1
一千个里面有一个这样的，其他的惨得很,1
有些人嘴巴怎么能这么脏……,1
这跟我们有关系吗，我只关心祖国统一,1
你像只鱼儿在我的荷塘,1
大丫儿,0
滚[抠鼻],1
大学白上了,1
生了五个啊[捂脸][捂脸]厉害啊,1
那个新闻学校校花就是例子还敢嫁[赞][赞][赞],1
我出10元，请把福州市位置字样去掉，可以吗？刚看到有点想吐的感觉,1
嫁非洲和去缅甸一样，到了撕护照身份证，一辈子也回不来,1
 [闭嘴],1
这家应该是富豪了，唯一一个嫁非洲幸福的中国女人,0
别回来了，小孩别说是华裔，华夏血统就是她这么玷污的,1
支持再嫁，但是要取消国籍,1
快乐的小鸡,0
光     宗      耀       祖,1
 笑死我了不笑你能看见我吗,1
人家自愿的，我们就不要瞎操心了，尊重祝福,1
  河津,0
跟我老公变胖了[看],0
你怎么那么大,1
为什么国外男星的老婆都是瘦的？没有一个肥猪呢？最多就是身材魔鬼但绝对不是胖呢？,1
别说贪怀，喝一滴我都不会要。,1
嫁中国还是明智的[呲牙],0
拒黑[发怒],1
又开始洗了，这种还是好事情吗。,1
当然会啊，能当酋长老婆，能不幸福吗[呲牙][呲牙]，记得一定要去[流泪],0
娶了但是染色体没变啊所以血脉没啥问题[调皮],1
感觉是不是有点年轻了，没别的意思,0
你他妈的到中国,1
嫁给黑吗喽[看][图片表情],1
没钱可以出国留学吗？说的也不假啊,0
还便秘吗,1
真爱[抠鼻]真饿[捂脸],0
但是她真的很漂亮啊[泣不成声],0
请回到你的非洲生活，还中国一片净土！,1
 ๑ 这媳妇好厉害,0
哪里想不开啊！稳个黑…………[捂脸],1
这些不是她们梦寐以求的吗？,1
怕得爱滋,1
这小子聪明，省多少防晒,1
一胎生几条？,1
看着真跌进,1
做得好，希望山东和广东借鉴一下。,0
这是摆拍  骗流量的  刷到好多都是这个女的,1
活该打光棍都不要,1
大家都心知肚明[不看][不看][不看],1
恭喜你[感谢][感谢][感谢],0
站有人盗你视频发，叫霹雳狐,0
好吃懒做不穷才怪[捂脸][捂脸][捂脸],1
外嫁的成功者,0
别污染了。,1
   非洲哪里有富饶的地方嘞[看],0
你别忽悠人了,1
能死在西非这也是她的命运吧,1
  我去好漂亮,0
畜牲啊！,1
说了个寂寞，她爸妈呢,1
祝福你[赞],0
别说不要彩礼，倒搭彩礼都不要，还要求有车有房，想啥呢？,1
又出来一个去挖煤矿的，好像中国也有煤矿呀，[微笑],1
[衰][衰][衰]／,1
说谎,1
希望战争爆发。,1
白给也不要[捂脸]保命要紧,1
我在大陆区看过…确实有老外男友,0
这车都拉缸了还能要吗？维修费拿不起啊！,1
要相信爱情呀！为爱一定要一如既往。我支持你,0
吃的挺好啊,0
建议那些跟过黑人的就留在当地，别回国了,1
本来我信了，但是看到你的身材那么丰腴，所以别骗人了，欲盖弥彰！[捂脸],1
丢你全家脸，去你爱的国家吧，永远不要回来。,1
因为女孩子向往国外的生活，认为国外生活水平高，在朋友面前有面子(谈了个外国男朋友)，就好像喜欢新奇的东西一样,1
残花败柳排成行，要车要钱还要房？[捂脸][捂脸][捂脸][捂脸][捂脸][捂脸],1
中国女人开始觉醒了  开始变得强大了[尬笑],1
旗袍真是自己做的？,0
海龟大部分都是男的[泣不成声],1
不用回来，害人害己，白送我都不要，太脏了，我恶心。,1
国家应该拒绝非洲人过来留学，如果要来只要是外籍学费消费要高于国人十倍消费[666],1
装了狗屎的碗没人接了,1
越看越爽啊，爽的活该[赞],1
鬼叼[捂脸],1
用牙签抠鼻孔没感觉了呀,1
小女生很漂亮~感觉在国内应该会是个小模特~,0
你妈妈口味一定很重你外公外婆应该不知道怎么,1
你这还瘦啊？！！,1
一毛钱三十斤骨头是这么说的老话,0
这女的太馋了[灵机一动]，中国男人养不起她[捂脸],1
这个长得就像非洲的,1
漂亮活该反正我是不同情,1
德国城市——慕尼黑,1
如果是中国境内，呵呵,1
开始吃手抓饭了,1
这样的女人不值得同情,1
举起双手，缓慢转身蹲下！,1
你为中国和非洲搭建了友谊之桥，恭喜你,1
真好[衰][衰][衰][流泪][流泪],1
但是美国电影上的演员都是瘦的,1
 °  [泪奔][泪奔][泪奔],1
.中国没男人了吗？为什么要嫁外国男人，活该,1
好 长,1
唉！不明白为啥能看上黑人[捂脸],1
彩礼多少,1
扯吧就，美国男性的喜欢小小瘦瘦的亚洲女性，而美国女性讨厌小小瘦瘦的亚洲男性,1
这万一枪被抢了就麻烦了,1
                鸡哥你们家的肥水流我们田了[我想静静],1
非洲，地理没学嘛，还高才生[打脸][打脸][打脸],1
吓人[捂脸][捂脸][捂脸],1
要了多少平的房子和多少彩礼能说一下吗,1
去美国读法学[石化],0
      [泣不成声][泣不成声][泣不成声],1
好与不好和别人无关。,0
这女人迟早会后悔的，，，,1
他是怎么出国留学的，是不是来留学补助高,1
        [发呆],0
真棒,0
到了国外就是不一样[捂脸]整个人都肿了[捂脸],1
这媳妇可以[666],0
睁眼了吗它,1
[恐惧][恐惧][恐惧][恐惧],1
嫁出去了  没人会歧视她们…就怕寄生在华夏的土地上 利用华夏的资源给异族生儿育女抢大学学位…,1
听父母没错,0
[偷笑]这个世界本来就是颜值高让人接受度会比普通颜值的高啊，这有什么问题吗？怎么评论区还一堆破防的[看],0
为什么有些人就认为除了中国都是遍地黄金呢？[思考],1
至少比小美人鱼好看我觉得[看],0
觉得好笑,1
安心的去吧！再也不用怕黑了,1
说的太含蓄了[微笑],1
不是每个人都是,1
就是这样的电视剧，害死人啊！,1
   就这颜值，是五颜六色我都喜欢[流泪],0
生了这种女儿真是上辈子修来的,1
口味还行,1
这人上大学上傻了吧，还是谈朋友谈傻了，人家说的都信，不会了解一下那个地方的情况，学校应该学这些每个国家大致情况和历史吧,1
真丢人,1
以前傍洋人是逼格，现在退而求其次，问题是，黑人就只是黑人，他们不会以为黑人也是洋人吧[泪奔],1
" 《你是个美丽的女孩，能教我中文吗？》
《孩子是给你的礼物[送心]》",1
这会误导多少女孩,1
都吃了这么好，为什么要回来。,1
打是亲，骂是爱。说明她爱的太深。,1
我喜欢你的身材,0
人家非常幸福！你们这些人是不是嫉妒呀[捂脸],0
在美国死的还早呢,1
嫁非洲手艺如此广泛[赞][赞][赞],1
三个月后就会后悔,1
所以中国的女人就应该嫁给非洲的男人。[赞]这样子他们才幸福。,1
嫁出去可以，不要留在中国就行,1
被恶心到了,1
我喜欢白白净净的男生，我对象就是这样的，很害羞，但是很可爱，他是中国男人关键是我俩家很近,0
 不理解，哎这女孩,1
抽了雪茄中华就不顶用了[看],1
别为你家非州哥做广告了，害人，积点德吧,1
挺好的呀，至少没委屈中国人,0
去吧，支持你,0
拍个正脸给大家避个雷,1
古人云：自作孽，不可活,1
这些女人都是该死[看],1
别回来就行[尬笑]@,1
 [发呆]图啥,1
黑人天赋没办法。[呲牙],1
[笑哭][笑哭]活该,1
世界小姐是怎么选的？你有几个是很胖的,1
还活着那就是没什么事，什么事都没有,1
我们广大网友一点都不担心，,1
别做梦了，我们男的虽然渴，但是不是什么水都喝,1
从[强]变成了[大哭] 接受不了,1
这个女的是日本人,1
介意大了,1
她真的只是想割我们韭菜[流泪],1
此人有杀气[捂脸][捂脸][捂脸],1
眀年有新品种出来了[赞][赞][捂脸][捂脸],1
请不要推给我看，跟我没有毛线关系！,1
要是我女儿给我找一个老外，腿打断,1
都珠圆玉润了，挺好,0
哈哈 不止想要喝水吧 [泪奔],1
你不说谁知道,0
   评论区的某些人很多批评 人家相爱 喜欢 过得幸福就好啊[不失礼貌的微笑],0
那些母爱哪里去了？孩子都跟你姓了还不满足,1
同情求了,0
真是恶心！黑化种族,1
该死，别回来,1
坚持到底 不忘初心啊，你别说你真别说就这样很有夫妻相,0
发达文明国家比不了,1
所以有一个你就爱一个,1
这是印度人吧,1
看来看去你就是个非洲人。,1
这媳妇 能处？[赞][赞][赞],1
尊重她人命运，不定义她人选择[赞][看],1
这个概率，可能上辈子也拯救了宇宙,1
只要跟他一起回去我会祝福你[看],1
 嫁到非洲[不失礼貌的微笑],1
丢她妈的人  是我女儿断绝关系,1
那边不错呀,0
美国人真不会欣赏,1
這個女孩的中文說出廣西味,1
该，自做自受，没人同情你,1
遇到大家伙了拿不动活了吧？,1
好家伙，竟然有非吹,1
要嫁就嫁出去别在这呆着啊[惊恐],1
不能同情,1
宽松了,1
说白了就是想巧罢了，所以说只有骗子才能满足她们[奸笑]，想过上人上人做富太不劳而获日子，最后发现被骗哭哭啼啼的流下伪装的眼泪，她们骨子里是瞧不起中国人的[吃瓜群众][吃瓜群众][吃瓜群众],1
女方亲戚是什么表情,0
你应该放大张伟的那个那个那个那个那个,1
他啷个是兄弟,1
丢，怎么看到这么恶心的视频，我要投诉,1
怎么感觉她自身就是混血？,0
还一定要有房有车[大笑][大笑][大笑],1
[泣不成声][泣不成声][泣不成声]第一耶,1
不支持个人意见,1
这孩子涨的还好的,0
我媳妇的话这情况估计打到我,1
美白开到十一级了,1
为啥上次有一个网友说 嫁了老外的女人 再来嫁中国人  没人能接受,1
写入族谱,1
别滚回来就行,1
那就是确实了你有黑男人,1
项目部不能给个工作么？虽然是她的错但是也帮帮她呀[泣不成声][泣不成声],1
想当串串吗？[看],1
玩得了,1
秀恩爱分的快,1
黑人光看脸都吃不下饭,1
这个盘不要接,1
惨,1
我手机屏幕快装不下了,1
橡皮泥没玩过吗？,1
别改嫁改行吧还能有点收入,1
谁能告诉我，这个不是真的,0
祝有情人终成眷属，肤色本无国界[赞][赞][比心][比心][比心][赞][赞],0
建议从新投胎[捂脸],1
你不配,1
不会,0
我想知道为什么中国男人为什么不接受[捂脸],1
[尬笑]   ,0
不许带宝回来,1
该！尊重祝福。,1
记住千万别回中国,1
一想就恶心。,1
你去演美人鱼吧，没开玩笑,0
哎要一悲剧[捂脸][捂脸][捂脸],1
有就有呗，跟我又没关系,1
幸不幸福不知道，反正是我很排斥,1
不管她幸不幸福，叛种就是大罪,1
千万别分手，赶快回婆家[玫瑰],1
不用找了，随他去吧,1
《但是马克并不在乎》,0
他长这样[绝望的凝视]，怎么下得去嘴[难过],1
这部片子的导演编剧找出来把他祖坟挖了,1
打的好，打的秒，打的呱呱叫。,1
几代都黄不回来了，黑龙也是龙[尬笑],1
嫁给我吧[捂脸],0
请你好好建设非洲，不要把孩子老公带回中国，谢谢！祝福你！,1
情商高[赞],0
她 好漂亮啊[泣不成声],0
活该，被打成半死，都是活该！,1
拜金的后果,1
大苞米棒子伺候好了,1
 牛[看],0
死不足惜，在哪不死就杀戮,1
被外国人抱了。不要了,1
这孩子一定是村里最白的[灵机一动],0
姑且算这个雌性生物是人吧[舔屏],1
你自已选的！,1
一只,0
把黑子养到发育成型  他俩也可以继续啊,1
是不是在外面 随身带枪才安全,1
喜欢就去非洲生活,1
谁投资拍的谁编的,1
只要别留下就行,1
关我们什么事，如有什么事，都是自取,1
这样不就肤色近了么，更般配了,1
这就是大学生的智商吗,1
 [捂脸]《你是我见过最漂亮的中国女孩》,0
全中式啊，很贵的，婆家还是挺喜欢这个儿媳妇的,0
多少一只？,1
好漂亮的黑妞,1
人我们多的是，只要玩完别在留在我们国家带着就行了，跟着回非洲就行,1
发给她爸妈看看，�真是光宗耀祖,1
什么鬼[发呆],1
    ！是不是就是说的这个电影 什么初恋什么小军的是不是这个！！！,0
希望你不是中国国籍,1
别说他是中国的嫁出去的女儿泼出去的水他已经是非洲人了,1
有艾小心,1
该这样,1
饿不是你选择,1
什么爱情冲昏了头脑！是想去非洲当酋长夫人，谁知道那边女人的地位那么低！自己选择的路，跪着也要把它走完,1
美国也有很多正常体型的男孩和女孩，并不都是肌肉和胖子[灵机一动][灵机一动][灵机一动],0
人生的路，你不走过，怎会知是对是错？人生没有后悔药，任何人都要为自己的选择付出代价,1
难看,1
装的女人就是这种下场不直得同情，,1
凤毛麟角,0
我不信[流泪],1
没办法人家就喜欢被打！[捂脸][捂脸][捂脸],1
房间的灯一定要加装几个，不然找不到新朗,1
大多数都会于非命,1
 [泣不成声],1
 [鼓掌],0
99%会后悔,1
感觉怎么那么无齿下柳呢[发怒][发怒],1
女的当家做主那个家庭肯定都很美满和谐，不是全部但是大部分都这样。[玫瑰],0
除了父母担心，其他人都是看笑话。,1
 天哪该说不说好漂亮,0
没事我鼓励你,0
有没有跟我一样是来看评论区的[呲牙],0
自作孽不可活[捂脸],1
祖坟冒……,1
没要彩礼，没要房和车，而且还倒贴了不少,1
口味好重啊[捂脸],1
不要去同情他！,1
太丑了,1
垃圾女人呵呵,1
人贩子看了都直摇头[捂脸],1
这新娘子好好看哦，他有没有像你一样的姐妹介绍来一个给我哥?[泪奔],0
我们小区里一个黑人和中国人结婚，那个女生在中国人里算是挺白的了，生了个孩子是棕色,1
这人谁啊，死不死能咋的,1
去吧去吧，万中无一罢了,1
肯定会幸福,0
答应他。答应他。[鼓掌][鼓掌][鼓掌][鼓掌][鼓掌],0
白不白黑不黑,1
这么厉害生五个,1
户口迁走，祝你幸福,1
谁在乎啊…,1
还得是国外啊,1
应该答应以后很幸福,0
因为你太白了,0
牙膏,0
我就不喜欢瘦女人,0
我就不知道她父母看了咋想？,1
中國女人就喜歡這種浪漫！花幾年的錢買一套衣服！这就是中国女人最喜欢！中國男人沒有那種勇氣，只顧家！還不如還能這樣浪漫[流泪][流泪][流泪][流泪],0
马桶？,1
如果是我媳妇，会顺便连我一起打了[发呆],0
浪费公共资源,1
都死了没？？？？？,1
国内都不够分跑去国外，，[泪奔],1
山东省发来贺电！！！[鼓掌][鼓掌][鼓掌][鼓掌][鼓掌][鼓掌],0
 米� 这不比报警强[暗中观察],1
 [看] 学习学习,0
自己选的  跪着也要走下去[看],1
伊万卡，安妮海瑟薇，盖尔加朵，法兰西玫瑰都很不错[捂脸],0
这么地道的婆家，妥妥滴得生两个大胖儿子,0
为人种进化做贡献了！,1
这就体现出大黑弯钩作用[看],1
光看开头我的愤怒值就满了[发怒][发怒][发怒],1
有你哭的那一天,1
我只能说嫁过去了，就过去，不要祸害自己人，污染华夏血脉，不想要黑龙,1
爱他就去非洲吧！你里是人间天堂。,1
能移居非洲的那都是真爱[赞][赞][赞],1
女孩：我就想吃顿饱饭，有错吗？,1
的太狠了,1
嫁到国外了，国籍都不是中国人了，还回来干什么。,1
国外真的好不安全，那个门就一扇木门，我都觉得没安全感，起码得防盗门,1
出去玩~咋玩？,1
我哥还没结婚，这个妹子愿意嫁回广西不？[泪奔][泪奔],0
 卧槽有点好看,0
[吐][吐][吐][吐][吐][吐][吐][吐][吐][吐][吐][吐][吐][吐][吐][吐][吐][吐][吐][吐][吐][吐][吐][吐][吐][吐][吐][吐][吐][吐][吐][吐][吐],1
爱嫁谁是她们自由，[抠鼻]别回中国就行。,1
看着黑人都心里不舒服：,1
希望抖爸下次别让我看到她，影响胃口,1
也没个猫眼,0
黄热病怎么解释？[捂脸],1
垃圾[捂脸],1
所以说妈妈呢,1
中国后生的脚小，穿不了大码的鞋，理解万岁,1
回国能吹一年,0
我家里要有枪 晚上听到门口见有陌生人 我会先去拿枪再开门[看],1
美国人喜欢壮吧,0
把国籍弄去非洲吧,1
想不明白这非洲男的怎么来的中国？,1
自己的选择，自己就得受着,1
[赞][赞][赞][赞]牛,0
你为人类文明倒退做出了不可磨灭的贡献,1
跟他回去非洲   我出飞机票,1
喜欢粗粮、再难咽，也得咽下去。好样的,1
哦……买噶的——,1
你也不远了,1
还房车？做梦呢,1
虽然气她不争气，但是还是很担心她，希望她在那里平安幸福,1
黑人不止皮肤不同吧，嘴唇也很厚,1
反正我家的孩子以后不让他取中国女人,1
丢人丢到国外去了[色],1
    ￴ ￴￴ ￴￴  [微笑],0
给人一种铁棒磨成针、识大体的感觉[看],1
回收不了！,1
看到这  今天多喝一瓶[鼓掌][鼓掌],0
你来演美人鱼我没开玩笑[流泪],0
也不错了，舒服了很多年,0
建议不用改嫁，大卫这名字听着就时尚！[看],0
  谁喜欢煤炭啊[尬笑],1
小时候课本学的是4种！《黑 白 黄 棕》！[酷拽],0
你害羞[捂脸],0
眼大了,0
体味不臭吗，重口味，孩子大概率也会遗传[看],1
湖南的兄弟们注意避雷啊,1
每月2万9，创业有补助，买房有补贴，如此贵族别人选择也没错。[捂脸][捂脸][捂脸],0
你回来，国内都喜欢你这款[微笑],0
….呕,1
这个在非洲也算是每年了吧,0
祝福你们,0
要哭着回来的,1
胃口重,1
这才是爱情，请不要后悔[看],1
出警,1
自己的苦，自己吃吧,1
 小1⃣️ 好漂亮啊[流泪],0
祖坟冒黑烟了,1
就是她的脸被打肿了么,1
这个女娃子长的不错,0
光宗耀祖 出去别回来了,1
没有担心只有笑死,1
黑的劲儿大,1
还能生出这么白的，真是奇迹啊,1
"大家放心评论，扣分算我们广东的


1分钟前·广东                             ♡1147.5万",0
千万不要回国来害人,1
矿了矿了,0
挺好的，你看都胖了，再说了死不死关我什么事，兄弟们宵夜吃了啥,1
好像不影响我一个月3500的工资[看][看][看],0
[抠鼻][抠鼻]，这就是中国女人说的优秀,0
你都多大码了自己不知道吗[捂脸],1
活该！[捂脸][捂脸][捂脸],1
口味独特，够重[赞],1
评论别太双标[尬笑],0
事实证明，没它黑的，不好泡妞,1
哟，变得有夫妻相了，完美[赞],0
黑人威武雄壮,1
我喜欢，这身材带劲,0
 思…思琪…,0
拖出去杀了[捂脸],1
你还不胖呢？,1
打的好~往屎里打[鼓掌][鼓掌][鼓掌],1
至少她还活着，不是还有一个死在那里了吗？,1
快滚！！！,1
你这体型也很宏伟啊,1
这不是嫁给老外了吗,1
你应该劝她，让她去试试，这辈子她会很幸福,1
黑人的腿确实强壮，女人追求自己的幸福没错[捂脸],1
不要在这里炫耀了,1
我觉得我弹鼓带少了,1
  哈哈哈哈哈,0
活的太刺激了,1
大嫂也是果断，不慌乱发错了咋办,1
广东朋友，请出来发言[看],0
好棒呀吃的这么胖,1
只要别在中国就行，赶紧嫁去,1
嫁外国人最不能接受的就是黑州人[尬笑][尬笑][尬笑],1
带你老婆们会你们老家。谢谢,1
听说找女朋友别去湖南找。湖南的都很黑。不知道是不是真的。两点以后才是夜生活的开始。,1
大家记住了！以后好避开,1
就呆在美国，好吗,1
枪是穷人最后的底气,1
各位男神们你们服不服,1
屁,1
脏啊,1
一个马桶,1
傻女人,1
二婚还要有车有房，怎么？非洲有车有房，回来干嘛？[看],1
美国人喜欢开朗的，是因为快速解决不喜欢墨迹[捂脸],1
正义的警长们呢，来清弹夹了,1
国内那么好，为啥要要去美国？[看],1
他不听老年言，吃亏在眼前。你自作自受。,1
这眼光真毒,1
为什么要跑到哪边去？自己国家这么好。,1
不值钱玩意,1
回国就很过分了,1
进化伦不是否定了吗,1
活该报应[捂脸],1
[呲牙][呲牙][呲牙][抱拳][抱拳][抱拳],0
人都脏了中国男儿谁还要,1
新娘子很美，将来他们的宝宝会更漂亮[赞],0
我发现她嘴巴大了,1
人家没压力,1
法学院[捂脸][捂脸][捂脸][捂脸][捂脸],0
爱之,0
宁拆十座庙，不拆一桩非洲婚姻！[灵机一动],1
真扯，那些老外在中国每天换一个不重样。,1
小黑：中国女人真麻烦[捂脸],1
吃过多少自己心里清楚,1
还不要彩礼，你还想干啥,1
外国人都不要彩礼的，同胞都是往死里要！,1
白给倒贴都没人要[吐][吐],1
完蛋了,1
该说什么呢？光宗耀祖,1
非洲很多孩子都不知道他父亲是谁[看],1
那些学校功不可没啊[捂脸],1
嫁出去别回来随便,1
什么色 都有,1
真是看不清女人的心[捂脸][捂脸][捂脸][捂脸][捂脸][捂脸],1
幸不幸福，非洲女人还不知道吗？她们只想嫁给中国男人[舔屏],1
而且还很臭,1
好可怕,1
体重不能用斤说么,0
博主你这样不好，干嘛要劝呢，应该鼓励,1
你还是回国找男人吧,1
滚，黑的,1
我是不是看到了李亚鹏[裂开],1
马桶，这下撒尿通畅了吧。,1
她好漂亮笑起来,0
这个面容不像非洲的,0
别管其他人怎么看，自己舒服就行[看],0
像鬼,1
那你嫁给我吧,0
来了，上班了,0
非洲狼,1
嗯，家里做的饭最好吃，也不如外面的香,1
这是上辈子造的孽[捂脸],1
祝福你，但也请不要到中国来,1
失联之后你就有很多老公了,1
嫁到中国是她十辈子的福分,1
真够大的,1
好不值钱啊[捂脸],1
我就想知道，大卫给了多少彩礼,1
哎…新娘怎么想的[干杯],1
确实漂亮[猪头],1
哈哈哈哈哈，笑死我了[偷笑][偷笑][偷笑],1
祝你幸福[看][看][看][看],0
外国人主要听不懂，要是听懂了，早跑了,1
鬼迷心窍，可怜[流泪][流泪][流泪],1
人家自己选的老公，，难听点说，关我屁事[看],1
怎么说朋友们[疑问][疑问][疑问][疑问],0
这个生孩子都不用破腹产，咻的一下就出来了[捂脸],1
看得出来，她很开心呀，婆家带她肯定很好[赞]漂亮爱笑的女孩都很美啊[呲牙],0
那个洞这么大[求抱抱],1
他抖音号多少,0
自作自受，咎由自取，不值得同情。,1
谁接手谁自找尴尬[捂脸],1
福州还有这号人物？[尬笑],1
虽然肤色不同，但是漂亮是真的漂亮[泣不成声],0
看她的嘴巴怎么像是肿着的,1
光宗耀祖十八代了！[捂脸][捂脸][捂脸],1
祝福你们，尽然享受了，就要承担后果,1
活该，光宗耀祖了,1
快走，快走！,1
200磅是多重？我知道可以百度，但还是希望能直接说成公斤，千克，斤。毕竟这视频是给中国人看的。,1
请博主把这个女人的正面露出来，让其它中国男人避坑！！,1
为什么喜欢那么黑的人[捂脸],1
久对,0
活该！想过好生活，就该先受苦,1
你哪瘦了,1
有道理 非洲欢迎你[呲牙],1
有你后悔的时候有什么好炫的[抠鼻],1
恋爱不分肤色，但是跟着男方去非洲的的人都是一拖答辩[难过],1
非洲[泪奔]也敢过去，嫁黑人[赞],1
人家是真爱,0
让她自由 千万不要再回国,1
五代人白不回,1
[看]再过几年你就知道,1
去吧！回非洲去吧,1
有种东西别描越描越黑,1
係度讲大话。,1
天天吃米饭今天想换个面包试试[抠鼻],0
啧啧啧,1
放非洲应该是顶级美女了吧,1
打得好，贱人就该这样,1
看了评论很多人争，有啥好争的，觉得非洲好的，愿意嫁过去就嫁过去永远都不要回来了，反正你们把非洲说的跟天堂一样，中国男人就算再差，我还是选择中国的男人,1
心疼个锤子,1
洋货,1
排队,0
看了你那么多作品，这一个是最好的[赞][赞][赞][赞][赞][赞][赞][赞][赞][赞][赞][赞][赞][赞][赞][赞][赞][赞][赞][赞][赞][赞][赞][赞][赞][赞][赞][赞],0
中国没有你这样的女人,1
你不瘦,1
她真的很漂亮很可爱呢[呲牙],0
我喜欢你[比心],0
关心台湾,0
这丢的不是她一个人的脸,1
尊重每个人的选择，,0
好枪,1
怎么能不答应呢，,0
去非洲吧,1
上学时候看过，记得嫁过去和他妹妹闹矛盾，,1
啊？你会找一个怼过畜生的男人嘛[发呆],1
卧槽，还有这种电视剧[疑问],1
艹[流泪],1
这种人不应该占用公共资源不值得同情,1
我为啥我看我同学每天发朋友圈都在减肥？？她在圣地亚哥,1
你也胖，那么大[暗中观察],1
这房子死人了，是鬼屋了[捂脸][捂脸],0
好羡慕这女孩，成为了非洲的熊猫国宝,1
那么丑的黑人怎么下得去嘴,1
不要提中国两个字,1
将来我要是有个闺女搞这出我当场白发送黑发,1
丑,1
吃羊货到时候就知道什么叫做生不如死了[捂脸],1
不用推出来，跟我没有关系,1
该国籍吧,1
有没有视频教程[看],0
嫁过去挺好的，还变胖了。,0
既然选择了真爱就用心好好的去爱吧！错就错在你选错了人[捂脸],1
"多好啊,千万不要回来",1
给你个机会选择我，[坏笑][坏笑][坏笑],0
养成中国大熊猫了,1
主要他们觉得你们小小的经不住折腾,1
跟NBA谈恋爱、除了卡戴珊别人还真没有本事[捂脸][捂脸][捂脸],0
别人放屁噗噗噗，她放屁哈哈哈[流泪],1
确定不是被爆的？,1
缸列[绝][绝][捂脸][捂脸],1
确定是打的？,0
哈尔滨姑娘nb,0
刚列，桐的吧,1
面对大本就不行了[捂脸],1
刺激[鼓掌][鼓掌][鼓掌],1
谈恋爱？阿泰没结婚么,1
钢裂什么鬼？？？？？？,1
技术不够[捂脸],0
哈哈，该,1
顶心顶心的,1
我只关心现在谁接手了,1
她不需要金刚钻，需要磨刀石,1
技术不够,0
就是太嚣张了，遇到奥尼尔 巴特尔的这种身体的你看他敢吗,0
我就说一句，枪挑铁滑车[赞][赞][666][666][666],0
从此都不能相信任何一个屁了[捂脸],1
只要别留下，我甚至可以随份子[看],1
当她问出这个问题的时候，她就不会听你的建议了。[偷笑],1
你应该祝福他们[看],0
最重要的是艾斯病传染率太高了,1
无法了解这些人,1
答应他，跟他去非洲，祝福你,1
她要彩礼吗？,0
人家只说谈恋爱，你连生孩子都想到了[捂脸][捂脸][捂脸],0
结婚都可以，请把户口签出去[比心],1
早就在一起了，只是在考虑要不要结婚而已,0
请尊重女性的选择  大家都是成年人了  谢谢,0
不不不，多多祝福就可以啦。,0
孩子送你了还不行啊，多好的事[大笑],0
妻子和孩子必须跟男方户籍,1
嫁过去，没问题,0
想谈就谈呗，随心，随性，随愿，随缘，随便，……,0
喜欢就嫁呀[捂脸],0
可以,0
漂亮[赞][赞][赞],0
[赞][赞][赞][赞][赞][赞][赞][赞][赞][赞],0
[弱][弱],0
开始好不代表以后好,1
是她吗？,0
是他俩不？,0
这女的是谁？,0
三米能围着腰部缠三圈[捂脸][捂脸]刨腹产便秘那都不可能发生的,0
开始。分手⭕[流泪][流泪][流泪][流泪],1
好像被打成[猪头]头了[捂脸][捂脸][捂脸][捂脸][偷笑][偷笑][偷笑][偷笑],1
往后余生，来日方长，是他是他都是他,1
多说三年她就不这么说了。,1
小红书上看过，刚听说得病了真的假的[抠鼻],1
恭喜恭喜[看],0
大受欢迎。深得喜爱,0
[图片表情],0
,0
支持，尊重，祝福，离我远点，我鞋新买的，别溅到我,1
前天晚上收银，一个黑人带着他小孩，黑人结完账走了孩子落下了[流泪],1
陈怡了解下,1
这世上，不存在一个种族天生带有优越感。爱情是不分国籍，但如果你只是因为对方不一样的皮肤而爱上他，这不会让你变得高端，只会让你变得很low,0
听过陈怡的经历吗？,1
视频中间那对夫妇，还是能生出白皮肤的啊。,0
,0
2米2..    你说的是22吧,0
,0
支持[捂脸],0
,0
因为你的每一次暴击都只是他们的一下平A[泣不成声],1
别叫家人们，我没有这样的女儿,1
人家只是想过的更充实一点,0
想不通为什么？,1
[图片表情],0
我可不是你的家人们[嘘],1
,0
理解 支持 绝对是正确的选择 幸福一生,0
@时间会替我告别 @不吃魚 yr的非洲男朋友两米[送心][送心][送心],0
,0
反正我是接受不了,1
（）（  ）（      ）,0
懂？,0
脏啊，这样女人不知道干净埋汰。,1
国家统计 外嫁一般都过得不幸福  外娶一般都过得幸福一些,1
喜欢就好了，管中国男人喜不喜欢[抠鼻],0
不是介意，而是看不起这种人！,1
其实没什么，主要是太脏，,1
我就讨厌[捂脸],1
不行 太黑 太丑了,1
生了小孩不给上户口回非卅上去,1
介意大了,1
说来说去没说到重点,0
他拿什么骗你,1
虽然理解不了这黑人的魅力，但是毕竟也是女孩真心爱过，只是年少无知被骗了，她也不想,1
哪个男的不嫌弃我想说,1
分手了就说被骗了，在一起的时候就说是真爱,1
同居怀孕过无论是谁知道了，都不会接受。所以不要婚前同居。,0
我们也不要，因为无法填满那爱情的空缺[捂脸],0
我是来看评论的，评论比视频有意思[呲牙][呲牙],0
我说第一张图里面的女人是，李立群老师的女儿，你们信吗，不信自己去搜索[捂脸][捂脸][捂脸][捂脸][捂脸][捂脸][捂脸][捂脸][捂脸][捂脸][捂脸],0
我肯定也会嫌弃，赶紧离开[看],1
真好,0
太惨了，据说子宫会记忆基因,1
不要这么多借口，冲动的那一刻其实不冲动，你也知道不会长久，只是感觉到了，气氛到了,1
现在这些女的三观真的可怕[暗中观察],1
虽然理解不了黑人有什么魅力 也许人家俩是真心相爱的呀 每个人都有选择的权利,0
"我是女的
，我也嫌弃，你难道没有自己的思想吗？他们的教育思想都和中国不一样，相处之中就没有感受出来吗？尽管伪装成什么样，但是内心仍然邪恶，",1
[看],0
一开始是真爱的，日子不好过了，就说被骗[给力][给力][给力][给力],0
,0
总有合适的，以后为了男友放心，最好先检查一下身体，都有好人，但坏消息太多了,0
那赶紧出国，千万别留在中国，肯定有病毒,1
不唾骂也不关心  让那种人自身自灭吧,1
该活埋,1
唾骂得很这种女人不值得去心疼,1
@寡王 出不出来打球,0
[666][666][666],0
[赞][赞][赞],0
第一,0
[捂脸][捂脸][捂脸],0
[图片表情],0
哈哈gai,0
@L｀ 我记得阿泰是kobe兄弟？当时阿泰还帮kobe警告马龙来着,0
@聂小雨,0
[赞][赞][赞][赞][赞][赞],0
2厂,0
第一[看][看][看],0
[玫瑰][玫瑰][玫瑰],0
[赞][赞][赞],0
@好朋友,0
@soulflower,0
@慢慢,0
@南北先生,0
怎么打的？能打出刚烈？,0
这方面我也有洁癖，我也接受不了。,1
我脚太小，不喜欢穿大号鞋,1
刘哥说的对，我支持你，这个张某没有福气有这么漂亮又孝顺的好姑娘。,0
我也不要,0
主要是想起会恶心[捂脸][捂脸][捂脸],1
[赞]，估计你真的是看上这女孩了，[捂脸][捂脸][捂脸],0
不要，高低不要,1
我也不知道该怎么说，无语了,1
一天都不能要,1
我昨天不是告诉你答案了吗？,0
我想如果是两个人真心相爱的话，过去的事情过去了，你都说了这是错，但是过去的事情都过去了，谁都会犯错，希望他以后幸福吧,0
你喜欢,0
[赞][赞][赞],0
你可以娶她啊  反正我不要   天仙也不要,1
你邻居那么好，你干脆把她娶了。谁不想花了高价格买个好东西。,0
恶心怕传上病,1
号码变大了[捂脸],0
关键是这个女人的审美与口味让人受不了。,1
有一句老话大概意思是装过桐油的罐子还能装菜油吗？,1
,0
,0
[捂脸][捂脸],0
,0
不想看,1
该死,1
如果这件事发生在你家，你会怎么办呢？欢迎留言讨论～,0
有夫妻相祝福你们生生世世在一起,0
[图片表情],0
[流泪][流泪][流泪],0
@@输入搜索@的人,0
[捂脸][捂脸][捂脸][捂脸],0
[感谢][鼓掌],0
@愿 [捂脸][捂脸][捂脸],0
[图片表情],0
不睡觉要你干嘛[捂脸][捂脸][捂脸],0
[图片表情],0
[图片表情],0
[图片表情],0
没到重点,0
看到这样的故事就感觉很开心,0
佩服佩服黑人是怎么看着帅的,1
艾特出来啊,0
活该！,1
活该,1
勿贪一物之长，而招百病之痛！,1
另类,1
为啥放唐山打人事件的图,0
就如此智商还不被骗才怪呢,1
凌驾于文化之上的精神世界，不是我辈能理解的，至于其中道理只能当事人自己体会了！,1
[奸笑][奸笑][奸笑][奸笑][奸笑],0
白露,0
是女人对外国人有特殊的信任感，男人表示没有,1
黑人她是怎么看岀来帅的？？,1
活该,1
该,1
该,1
活该,1
活该[大笑][鼓掌][鼓掌][鼓掌][鼓掌],1
活该,1
说出去的话可能没几个人敢要,1
小题大做，那你怎么自己不要[尬笑]，不要说太熟了，这根本就不是理由[尬笑]，你要说太熟了，你也是小题大做[尬笑],0
中国男人可以接受黑种女人，但就是不要中国女人,1
问一句你能接受吗,1
你自己娶了就好了,0
咋就觉得你在坑邻居，和她有仇吗，有句话说得好家丑不可外扬，小子太阴了,0
你娶我祝福[抠鼻],0
一个个的还要点脸吗？,1
比臭水沟还脏[捂脸],1
[图片表情],0
,0
